PERIOD,RADIUS,DENSITY,NUM_PLANETS,DURATION,TEFF,DEPTH,DISPOSITION_ENCODED
1.597226,3.567,0.993,1.0,5.3721722,5726.0,3834.1260621,0
212.43503674,3.567,0.993,3.0,4.26,5726.0,714.1,1
1.56493,2.22,0.993,0.0,3.30605,3938.0,714.1,1
24.5434566,3.08,0.59382,2.0,7.2518,5955.0,1151.3,2
3.28102986099,2.50448263,0.993,2.0,3.30605,4783.6,0.1163604,2
1.6117444,6.63491,0.993,1.0,1.524,6056.0,3120.0,0
1.157808038,22.9,0.03841,1.0,3.6705,5566.0,866.7,0
2.2437501,10.0826,0.993,1.0,3.821,7209.0,2880.0,0
4.22464216,4.31,1.49538,1.0,1.403,6343.0,987.0,1
4.919584997,2.86,0.54735,1.0,4.1988,6236.0,425.7,2
2.935886,14.3093,0.993,1.0,2.93,5896.0,5900.0,1
58.621578824,40.43,1.43506,1.0,8.52961,5232.0,142950.0,0
14.7802661,9.06559,0.993,1.0,3.497,5659.0,6840.0,1
3.292013,5.76,0.993,0.0,3.30605,5726.0,0.658,1
1.33711405,3.567,0.993,1.0,3.30605,4459.0,3.217,2
5.2201338,14.7463,0.993,1.0,2.584,11632.0,6040.0,0
0.393727296,23.05,0.25254,1.0,3.02,5628.0,903.5,0
7.809463,14.0451,0.993,1.0,4.133,5816.0,11239.0,1
15.50192,2.49,0.993,2.0,3.30605,4222.06,714.1,2
7.1925327,2.5719,0.993,1.0,2.551,5050.0,1180.0,1
1.30924,3.567,0.993,1.0,2.535,8832.5,3370.0,0
28.597880332,74.25,0.96273,1.0,7.71925,6590.0,85952.0,0
15.068060768,16.43,1.49591,1.0,3.3011,5982.0,19387.0,1
119.0207044,8.98,2.31024,1.0,8.1405,5453.0,7430.5,1
383.43595,2.53,2.62441,1.0,11.059,5576.0,1228.0,0
6.146653835,9.5037684,0.993,1.0,13.5723661,3696.0,28182.0217132,1
12.6427441,10.8159,0.993,1.0,7.917,5605.0,7747.0,1
6.146653835,1.4099651,0.993,1.0,14.1230558,5106.0,317.9766458,1
0.523632451,1.08,0.28455,1.0,1.99,8277.0,8.1,0
56.648588,2.19,1.60201,1.0,4.534,5023.0,648.9,1
11.81004,3.08,0.993,1.0,3.30605,5726.0,0.1329,2
10.9938268,52.69,2.80849,1.0,5.0746,4856.0,419210.0,0
3.3513304,17.7728,0.993,1.0,2.739,4886.0,400.0,0
7.91936937,10.34,1.13074,1.0,3.3148,5690.0,15148.0,0
169.135056,2.21,0.67276,1.0,8.931,5171.0,640.7,2
4.5117148,2.89398,0.993,1.0,4.48,5785.0,550.0,1
3.50472344,0.8,3.55885,2.0,1.9464,5115.0,90.7,2
10.68758211,2.64,0.56806,3.0,3.3812,5788.0,777.7,2
194.25835342,3.567,0.993,1.0,3.15,5726.0,714.1,1
1.4733245,1.03,4.38825,1.0,1.406,5751.0,124.0,1
3.23941775,0.77,1.31343,1.0,2.569,6075.0,77.4,2
99.673478,576.14,807.69989,2.0,0.968,4932.0,2496.0,0
2.4228387,7.64515,0.993,1.0,1.829,8409.0,1617.0,1
12.4970599,1.44,0.85056,2.0,3.877,6174.0,180.0,1
0.66682654,1.49,2.28135,1.0,0.7847,3993.0,511.6,1
3.581253,12.2522,0.993,1.0,1.874,3873.0,41493.0,1
8.667822346,67.37,0.03132,1.0,4.9658,6266.0,2121.9,0
10.6893108,6.90838,0.993,1.0,6.883,5887.0,1349.0,1
7.047103499,51.86,1.71458,1.0,3.3208,5730.0,71318.0,0
6.146653835,14.5717,0.993,1.0,3.30605,5726.0,714.1,2
3.5254649,14.1926,0.993,1.0,1.013,5366.0,4544.0,1
66.47762,1.83,5.26517,2.0,4.487,5515.0,553.5,1
13.9034057,1.55,0.43376,1.0,3.408,5261.0,261.4,1
0.888478095,1.51,1.65071,1.0,1.5312,5553.0,340.4,1
1.248905,4.073,0.993,0.0,3.30605,5496.0,714.1,1
4.71688,3.725,0.993,0.0,3.30605,4846.0,714.1,1
8.77709,5.1,0.993,1.0,3.30605,5726.0,0.0865,2
7.2593226,1.57,0.22616,2.0,6.1394,5914.0,247.5,2
0.577844035,18.93,0.10306,1.0,4.291,5693.0,320.4,0
498.27269,2.12,6.27252,1.0,8.92,5618.0,534.0,1
3.2509846,3.567,0.993,1.0,2.2931885,5726.0,10852.369209,1
3.4158668,19.3376794,0.993,1.0,1.9196262,5986.0,2841.7825532,1
21.5702917,29.53,0.0001,1.0,40.4,6070.0,148.7,0
0.73095491,0.88,0.49835,1.0,2.206,6454.0,29.6,0
8.9299483,12.6566078,0.993,1.0,3.2002668,4379.0,26516.4016202,1
4.218512654,16.67,0.4874,2.0,3.62939,6185.0,23417.0,0
2.3062125,2.0651033,0.993,1.0,1.5098977,5816.0,400.6390117,1
1.05680287,0.83,0.04639,1.0,5.748,5584.0,82.3,0
200.61103346,3.567,0.993,2.0,7.13,5726.0,714.1,0
94.180473,4.17,0.13495,1.0,7.345,6997.0,1104.4,0
4.8099878,1.59,5.24789,1.0,1.97,5988.0,288.2,1
3.2738129,14.6729,0.993,1.0,3.306,5976.0,13200.0,1
24.0004143,2.83659,0.993,1.0,3.138,4579.0,1240.0,1
3.0898836,18.4456585,0.993,1.0,1.7898868,8828.7,5784.3735169,1
392.601892,2.25,40.51088,1.0,3.21,5307.0,779.0,1
114.336052,2.09,0.22412,1.0,14.077,5802.0,239.8,2
3.18740907,0.81,0.1173,2.0,6.19,4808.0,137.5,0
3.238542,1.67,0.993,0.0,3.30605,4446.0,0.0499,1
4.309067482,101.41,2.34533,1.0,2.21,4897.0,23647.0,0
9.18244299,1.24,0.89505,2.0,4.318,6194.0,87.6,2
12.4253812,1.14,0.01375,1.0,19.781,5925.0,115.3,0
5.53609368,2.2,1.16751,5.0,2.2942,3891.0,1223.3,2
7.7925448,25.4471346,0.993,1.0,2.902988,6307.0,16339.5347863,1
4.7277153,6.45464,0.993,1.0,2.5,5601.0,4000.0,1
6.13292733,1.56,12.85271,1.0,1.561,5877.0,58.7,1
4.807103254,2.96,3.39526,2.0,0.9393,5534.0,450.5,2
5.67577999,1.22,0.09121,1.0,3.554,6681.0,51.2,1
4.159816554,0.86,3.50618,4.0,1.6261,4499.0,160.3,2
1.9997244,0.84,1.82604,1.0,1.976,5838.0,85.1,1
3.6566206,13.587,0.993,1.0,2.557,4489.2,21730.0,1
20.88526,7.07,0.993,2.0,3.30605,5717.0,714.1,2
4.6612025,12.7709747,0.993,1.0,2.1408549,5884.5,5135.6657253,1
7.75192755,1.89,0.94148,2.0,3.5413,5604.0,407.3,2
18.2050594,9.06591,0.993,1.0,3.347,4880.9,10830.0,1
0.566789763,0.4,0.09249,1.0,4.008,5799.0,25.4,0
31.201692472,8.31,41.97515,1.0,2.15663,3748.0,34514.0,1
0.589049151,39.51,0.67757,1.0,2.25397,5592.0,61953.0,0
30.9349,2.5,0.993,1.0,3.30605,5767.0,714.1,2
2.8637988,7.75857,0.993,1.0,2.746,9416.0,266.0,1
49.9950015,2.65286,0.993,1.0,5.109,5274.27,1080.0,1
21.1876185,0.79,0.94594,2.0,3.69,6355.0,71.7,2
0.72359699,6.73,1.56045,1.0,1.326,8855.0,495.6,0
5.670155713,5.85,1.00118,1.0,0.9361,3337.0,536.7,0
161.78832712,36.14,17.58377,1.0,5.31,6018.0,87750.0,0
15.4032765,1.32,1.95877,1.0,3.246,5272.0,253.0,0
4.593595496,44.14,1.38533,1.0,2.7468,5717.0,45034.0,0
2.55234671,3.567,0.993,0.0,3.30605,5726.0,0.63,1
5.4224,3.567,0.993,1.0,3.30605,3318.0,0.18,2
14.658196,1.6,0.993,0.0,3.30605,3610.0,0.106,1
12.53248222,3.24,0.79997,1.0,4.0168,5997.0,1145.9,2
8.24892,5.15613112,3.5,4.0,3.30605,5050.0,714.1,2
469.52303,2.1,8.4705,1.0,5.487,6197.0,355.7,0
2.3843304,2.8597467,0.993,2.0,1.9448395,5296.38,1128.6229858,1
70.468171,3.46,2.18989,1.0,6.653,6461.0,922.4,2
2.225177,1.589,8.84,1.0,3.30605,5520.0,714.1,2
33.1362861,2.05,1.10741,4.0,4.163,4245.0,825.2,2
1.221204888,1.1,0.91608,1.0,1.8511,5874.0,111.6,0
73.91858615,89.96,4.7136,1.0,6.9735,6300.0,184070.0,0
0.5109902,9.54792,0.993,1.0,0.709,6095.0,2720.0,0
4.8494108,2.7650341,0.993,1.0,5.2266368,3861.0,1341.9401258,1
16.563155,1.66,0.993,0.0,3.30605,3669.0,0.101,1
0.566781152,0.54,0.10849,1.0,3.995,3725.0,133.4,0
0.77392,1.3,0.993,4.0,3.30605,5484.0,714.1,2
4.392503,1.11,0.993,0.0,3.30605,4707.0,714.1,1
10.4029111,1.8465904,0.993,3.0,1.3721731,3872.0,824.1851185,1
8.37159554,2.39,0.00806,3.0,5.252,6426.0,98.0,2
4.7378265,20.9386989,0.993,1.0,1.7442136,6533.0,3331.699976,1
7.66462913,1.6,1.31718,5.0,3.614,5640.0,114.1,1
2.1803154,18.3770154,0.993,1.0,2.6629308,7166.0,8016.0263872,1
0.36091387,3.567,0.993,0.0,3.30605,6175.0,0.739,1
15.0764899,2.44538,0.993,1.0,3.981,6149.4,678.0,1
2.24704,18.1799,0.993,1.0,2.713,6846.0,18890.4,0
24.193613,30.7,0.993,0.0,3.30605,5457.0,10.6,1
7.12594387,1.79,0.23879,3.0,3.0014,5779.0,192.4,2
1.89121656,0.73,0.10179,1.0,5.14,5741.0,66.8,0
3.9628496,9.64171,0.993,1.0,2.844,5449.0,4480.0,1
2.458783,3.11,0.993,0.0,3.30605,5726.0,0.0943,1
4.5016988,3.567,0.993,1.0,4.716,5829.0,4360.0,1
5.1175439,12.6029,0.993,1.0,1.483,6429.0,3090.0,1
241.647602,1.88,405.11121,1.0,1.742,5962.0,361.7,0
1.71029474,1.04,0.13516,2.0,2.946,5365.0,158.9,0
3.500869,13.3258,0.993,1.0,3.84,5870.0,6230.0,1
1071.232624,9.27,2.85277,4.0,16.1784,4799.0,19046.0,2
1.174683069,3.06,0.04263,1.0,2.5167,5974.0,356.4,0
1.3144014,2.78,0.993,0.0,3.30605,6137.0,0.0426,1
1.103978,3.567,731.16797,1.0,0.74,5726.0,714.1,0
23.277669,32.8,0.993,0.0,3.30605,4379.0,19.8,1
50.55398,0.94,1.84219,1.0,6.159,4895.0,199.7,1
49.18394185,8.2,0.31666,2.0,11.3364,5626.0,1646.2,2
2.25353739,96.65,0.24486,1.0,5.74622,6951.0,182830.0,0
46.50446209,3.567,0.993,1.0,1.37,5726.0,714.1,0
0.954388314,2.27,0.03322,1.0,6.26,7056.0,57.2,1
17.3840061,1.69425,0.993,1.0,3.932,5228.2,561.0,1
5.7488832,2.08943,0.993,1.0,5.003,6009.0,190.0,1
5.17518,1.53,0.993,0.0,3.30605,5726.0,0.0317,1
2.64830047,126.54,0.45328,1.0,2.6395,4839.0,12668.0,0
7.8774163,2.16,8.09685,3.0,2.0805,4126.0,1306.1,2
1.5101054,19.2985,0.993,1.0,2.993,5964.0,13090.0,1
8.56394776,3.567,0.993,1.0,3.30605,5545.28,0.524,2
2.849274,4.38,0.993,1.0,3.30605,4299.98,714.1,2
1.9160221,10.8261,0.993,1.0,1.405,5623.0,2430.0,0
2.9588764,14.8585,0.993,1.0,2.682,6041.0,12900.0,1
2.121023807,5.75,9.48417,2.0,0.3673,6133.0,263.9,1
1.428596987,1.62,0.49757,1.0,2.1401,6745.0,50.0,0
6.146653835,31.1,0.993,0.0,3.30605,5726.0,0.1821,1
0.719741,0.57,0.34789,1.0,2.628,6014.0,32.2,0
7.41834569,1.12,4.3617,2.0,2.462,5549.0,234.0,1
2.192009479,35.9,0.04695,1.0,2.9453,5499.0,1475.6,0
0.2874782,5.53402,0.993,1.0,0.445,5702.0,1940.0,1
2.4713543,21.0203111,0.993,1.0,2.3649813,6351.8,8215.1143339,1
1.50635409,4.53,0.84722,1.0,1.5155,5714.0,2211.7,0
18.249,14.45961,0.993,2.0,3.30605,5990.0,714.1,2
2.92878704,22.76,0.01067,1.0,4.634,5955.0,549.4,0
38.3262237,2.43,0.47745,1.0,3.073,5229.0,392.1,2
2.9324083,13.5533,0.993,1.0,2.758,7696.0,10392.0,1
3.9613114,9.2319785,0.993,1.0,2.5843337,5221.0,15578.1136873,1
0.8746494,3.71319,0.993,1.0,1.576,4977.4,1910.0,1
545.205601,1.66,110.15084,1.0,3.296,6273.0,199.7,1
13.9509565,0.75,0.58242,4.0,5.231,5888.0,35.7,1
2.3368358,6.32061,0.993,1.0,1.405,4439.0,5916.0,1
3.008602107,56.15,0.51475,1.0,4.34296,6033.0,120270.0,0
18.0116764,2.02,0.30594,1.0,6.006,6003.0,417.2,0
6.429582,2.59811964,0.993,3.0,3.30605,5382.0,714.1,2
372.54353,74.14,0.01042,1.0,21.83,5561.0,1106.0,0
12.4032,6.41,0.993,4.0,3.30605,5726.0,714.1,2
25.96190067,3.25,0.93345,1.0,6.2732,6369.0,350.3,2
7.374,3.567,0.993,2.0,3.30605,4550.0,0.1431,2
4.9594992,4.6274347,0.993,1.0,1.2463603,4900.0,2778.737264,1
7.815366,2.403,0.993,0.0,3.30605,4884.0,714.1,1
119.669671,2.21,0.10227,1.0,20.67,6382.0,421.9,0
13.2298203,1.5,1.87738,3.0,3.566,6049.0,157.8,1
161.515617,2.88,5.47826,2.0,6.548,4243.0,2215.3,2
3.4014954,9.32202,0.993,1.0,1.959,6005.0,7370.0,1
4.28746668,2.29,8.16471,1.0,1.5693,5296.0,790.1,2
0.673684895,0.7,2.32233,1.0,1.161,5645.0,51.1,0
1.3164901,11.2218,0.993,1.0,1.389,6341.0,3580.0,0
20.8392148,51.9,31.09446,1.0,2.3321,5378.0,177510.0,0
2.69828,1.21,0.993,1.0,3.30605,4715.0,0.02587,2
0.916326699,50.7,0.45229,1.0,3.1427,6046.0,96384.0,0
9.0102,3.6,0.993,0.0,3.30605,5726.0,0.0982,1
4.4532909,13.8211,0.993,1.0,6.572,5613.0,2866.0,1
33.93373447,7.34,0.0371,1.0,14.561,5040.0,8503.7,0
26.0179101,2.5512622,0.993,1.0,4.5258048,5489.0,766.5356589,1
1.2709769,4.10761,0.993,1.0,2.335,6296.0,1400.0,1
6.2384297,12.6929,0.993,1.0,2.066,5448.0,13808.0,1
3.6473383,1.9083777,0.993,1.0,4.4572847,5928.0,162.7642577,0
8.58966893,155.18,0.22753,1.0,6.962,3837.0,429.6,0
9.765482,12.1312,0.993,1.0,5.01,5887.0,2552.0,1
5.91393977,1.07,284.46906,2.0,0.562,6194.0,84.0,1
0.762406,0.99,0.993,1.0,3.30605,5620.0,714.1,2
39.721386,3.64229858,0.993,1.0,3.30605,5979.0,714.1,2
38.6520796,2.07,1.9665,4.0,5.607,5422.0,566.5,2
1.1020719,4.33066,0.993,1.0,0.864,6011.0,580.0,1
21.700156,2.072,0.993,1.0,3.30605,5452.0,714.1,2
10.3883213,3.76664,0.993,1.0,4.056,5638.7,822.0,1
20.8341497,2.26,1.84341,5.0,4.522,5296.0,803.1,2
14.066109,21.5662738,0.993,1.0,3.4744355,6157.0,16514.0482965,0
41.4856125,12.5121956,0.993,1.0,6.6899368,6354.0,959.7522291,1
30.1329298,3.14,0.4031,4.0,5.172,5527.0,1015.8,2
1.6212474,10.3122,0.993,1.0,3.262,4949.0,1100.0,0
3.35184041,1.88,3.76628,1.0,1.9855,6198.0,345.3,2
13.7252522,20.3352568,0.993,1.0,3.1694157,6104.0,4945.7679342,0
7.64370363,1.85,0.80132,3.0,2.738,6120.0,70.9,1
419.92898,1.51,1.19659,1.0,14.55,6047.0,233.5,0
2.881338104,31.58,0.04516,1.0,3.5943,5783.0,2533.7,0
2.0714803,9.7546,0.993,1.0,3.108,7047.0,1660.0,0
12.90235874,1.49,6.23823,1.0,2.446,5530.0,354.4,2
12.6534664,20.5105778,0.993,1.0,4.0982077,5394.6,27095.439949,0
1.457256942,98.16,0.20445,1.0,6.51381,6630.0,364900.0,0
12.12580644,2.5,0.69986,2.0,3.289,5500.0,327.5,2
2.0492064,3.567,0.993,1.0,3.417,5726.0,1030.0,0
0.494247662,1.51,1.97761,1.0,1.2443,5763.0,224.9,1
5.2436612,1.1,0.0241,1.0,11.39,6598.0,88.3,0
17.355066,3.24925008,0.993,1.0,3.30605,5791.0,714.1,2
13.6274,3.567,0.993,5.0,3.30605,3860.0,714.1,2
8.0242387,10.0363,0.993,1.0,2.189,5531.0,4500.0,1
6.80111,1.96,0.993,0.0,3.30605,5726.0,0.415,1
1.08195208,0.47,0.09231,1.0,4.807,5233.0,33.6,0
3.2730247,3.567,0.993,1.0,1.551,5769.7,4030.0,1
86.95432088,3.567,0.993,1.0,12.11,5726.0,714.1,1
18.8262877,2.34,12.56224,1.0,2.344,5215.0,795.8,2
2.972047661,24.74,2.23373,1.0,1.198,4491.0,5945.0,0
2.52,3.567,0.993,0.0,3.30605,5707.44,0.0105,1
9.7706,3.8,0.993,0.0,3.30605,5726.0,0.0988,1
20.35971899,0.8,1.4014,1.0,2.1521,3419.0,345.7,2
2.365766,3.567,0.993,1.0,4.298,4057.4,5750.0,1
57.104588,0.98,0.32384,1.0,11.5,5637.0,144.3,0
1.06884,10.3628,0.993,1.0,2.512,9222.0,470.0,0
19.07863,2.54,0.993,3.0,3.30605,4742.0,714.1,2
7.19552624,1.67,0.49509,1.0,4.095,6242.0,214.6,0
27.659607786,50.7,10.62622,1.0,4.16321,5310.0,318400.0,0
57.8415,6.13,0.993,0.0,3.30605,5726.0,0.1602,1
6.73069,22.1494,0.993,1.0,3.503,6048.2,14721.7,0
5.77440326,0.8,6.89053,2.0,1.768,3808.0,245.3,2
3.582076914,5.33,0.02987,1.0,4.4228,6109.0,1534.4,0
1.23935745,1.5,0.1815,2.0,1.683,5370.0,150.9,1
3.2452094,20.6894,0.993,1.0,2.722,5928.0,7370.0,1
6.146653835,8.5614402,0.993,1.0,13.4131846,6140.0,1002.2730453,1
189.961729,1.93,0.84651,1.0,12.46,5335.0,699.9,1
12.012,3.567,0.993,1.0,3.30605,5915.0,0.0315,1
692.5150646,2.2782015,0.993,1.0,2.6383141,3614.0,1810.2811624,1
12.5722897,1.09,0.91426,1.0,4.765,6084.0,86.5,2
25.9522401,42.91,0.00199,1.0,20.813,5659.0,2896.9,0
1.65336,1.51,0.993,0.0,3.30605,5726.0,0.0686,1
32.5444769,11.9952,0.993,1.0,1.661,3230.0,101822.0,1
4.9818921,2.66,0.993,0.0,3.30605,5849.0,0.0555,1
3.9525732,3.567,0.993,1.0,2.378,4536.1,857.0,0
47.878243,8.15,0.18024,1.0,4.066,4254.0,910.0,0
1.27997,285.674,0.993,1.0,2.425,3435.0,790.0,0
3.5684459,5.87762,0.993,1.0,2.934,8124.0,939.0,0
7.187257,2.41,0.993,1.0,3.30605,4599.0,714.1,2
2.219405,1.28,0.993,1.0,3.30605,3993.36,714.1,2
2.344138713,2.43,221.19043,1.0,0.4495,5313.0,110.8,0
4.474513,8.16881084,0.993,0.0,3.30605,6081.0,714.1,1
3.1191196,11.4433015,0.993,1.0,2.0922004,5036.0,24617.3354776,1
241.0122,4.41,959.13239,2.0,1.19,7843.0,216.1,0
12.92489803,2.62,1.84274,1.0,2.6811,5103.0,959.0,2
12.207632,2.47,0.993,1.0,3.30605,4684.0,0.1,2
53.501860974,55.23,13.2274,1.0,5.25334,5436.0,456780.0,0
1.08906057,0.75,0.42845,1.0,2.743,5087.0,76.2,0
1.589843,49.0,0.993,0.0,3.30605,5726.0,0.1741,1
2.908453928,19.44,0.028,1.0,2.5363,5786.0,427.5,0
4.2594558,10.33,0.993,1.0,3.391,5763.8,7500.0,1
28.5463574,1.35,0.28619,5.0,9.29,5780.0,153.3,0
6.00127,2.043,2.92,1.0,3.30605,4716.0,714.1,2
0.566795728,0.64,0.17134,1.0,2.79,6130.0,18.9,0
3.664964374,30.98,0.82956,1.0,3.9058,5726.0,90827.0,0
52.069002,2.92,15.34753,2.0,3.0089,5565.0,558.3,2
7.49018305,2.56,3.3941,4.0,2.7297,5103.0,1123.6,2
6.5883481,9.5170822,0.993,1.0,5.3652099,6186.7,5547.4045934,1
3.50376155,3.567,0.993,1.0,3.16,5726.0,714.1,0
45.9029768,1.18,2.827,4.0,5.0041,4499.0,361.8,2
11.4483792,10.4552,0.993,1.0,4.824,6175.0,6660.0,1
3.04108,11.9,0.993,0.0,3.30605,5726.0,0.0563,1
31.56904354,11.18,1.77026,1.0,2.6364,5654.0,4229.4,1
1.03905082,0.87,0.25814,1.0,3.035,6558.0,43.8,0
1.287097944,0.89,1.2486,1.0,1.94,5906.0,106.1,0
25.76051,3.124,0.993,2.0,3.30605,5236.0,714.1,2
1.99042642,1.17,0.59978,2.0,3.083,6198.0,133.8,0
567.71329,3.28,1.76686,1.0,12.85,6248.0,259.4,0
5.71462396,1.78,2.60833,3.0,2.336,5344.0,297.8,2
5.69046,18.81,0.993,0.0,3.30605,5549.0,0.533,1
2.936527336,1.92,2.97942,2.0,1.771,5359.0,352.3,2
4.3181867,13.8846,0.993,1.0,3.557,6139.3,4899.0,1
88.523517,1.6,0.22334,1.0,7.22,3827.0,828.0,1
11.1296441,12.8402271,0.993,1.0,7.0473822,5785.0,951.6169809,1
3.6469454,1.0301459,0.993,2.0,2.4652655,5259.0,145.1854235,1
4.7257129,10.5468,0.993,1.0,2.701,6139.0,1740.0,0
22.4765952,1.21,4.73166,1.0,3.437,4563.0,481.4,2
6.0042191,15.9733684,0.993,1.0,6.3533818,6226.0,6642.539062,1
75.636309,1.32,34.00891,1.0,2.588,6072.0,174.6,1
4.09847409321,14.83669218,0.993,1.0,3.30605,5198.0,1.68699465,2
15.5177539,9.4825825,0.993,1.0,1.2572404,6314.93,3717.3165127,1
4.5314275,3.567,0.993,1.0,6.41,3605.0,6062.0,1
13.8665912,14.3875,0.993,1.0,6.491,6707.0,7930.0,1
0.68601,3.567,0.993,1.0,1.614,5726.0,910.0,0
1.353771892,430.99,0.02376,1.0,7.012,4283.0,1349.1,0
2.8964139,2.45,0.993,0.0,3.30605,3547.0,0.289,1
7.942583252,219.02,0.31844,1.0,7.0612,5516.0,88327.0,0
1.1542402,3.567,0.993,1.0,3.377,4136.6,15460.0,1
3.6480957,1.241,2.42,3.0,3.30605,4340.0,714.1,2
23.897707,3.567,0.993,0.0,3.30605,5020.0,1.1511,1
14.6435,2.52,0.993,3.0,3.30605,5726.0,0.0872,2
63.8432,2.78,0.993,0.0,3.30605,5726.0,0.193,1
3.9678136,2.81756,0.993,1.0,4.238,6138.0,760.0,0
235.9986399,10.59,2.14449,1.0,8.2284,4245.0,20715.0,1
17.8961832,11.0501866,0.993,1.0,5.8302347,5767.33,6620.0097774,1
0.855763492,72.82,0.37107,1.0,3.64361,6679.0,131660.0,0
0.812587678,1.54,3.32151,1.0,1.1144,6143.0,62.9,0
2.745910734,61.16,1.11048,1.0,4.02594,5372.0,286810.0,0
1.13305,2.16887,0.993,1.0,1.073,5883.8,100.0,0
8.207257515,46.82,3.60965,1.0,4.23835,4859.0,391300.0,0
3.002654,10.45,0.993,1.0,3.30605,5726.0,0.4774,2
4.54462,6.6,0.993,0.0,3.30605,5726.0,0.929,1
10.56104,2.18,2.7,2.0,3.30605,5679.0,714.1,2
37.3415931,2.1417,0.993,1.0,5.351,5452.0,766.0,1
3.4149091,13.9171881,0.993,1.0,2.7231879,5480.0,13219.6475165,1
3.55653637,1.7,0.02069,1.0,8.7,5950.0,202.5,0
14.4359459,1.46,1.58394,3.0,3.414,6075.0,107.3,2
2.22982,3.567,0.993,0.0,3.30605,7391.0,24.7831,0
12.83724862,3.567,0.993,1.0,3.30605,4314.0,0.054,2
18.001053,3.794,0.993,0.0,3.30605,5579.0,714.1,1
74.8,4.34,0.993,1.0,3.30605,5044.0,714.1,1
9.173866,6.86473931,0.993,1.0,3.30605,5035.0,714.1,2
9.726748645,277.38,0.11328,1.0,19.4093,5618.0,393410.0,0
0.6439909,12.6159,0.993,1.0,0.645,5225.0,7794.0,1
2.64594828,3.567,0.993,0.0,3.30605,6634.0,1.124,1
19.5715862,3.6067731,0.993,1.0,4.1467964,4666.1,1677.0138379,1
15.40877383,3.567,0.993,2.0,3.49,5726.0,714.1,1
4.4156851,7.75741,0.993,1.0,1.091,5599.0,3166.0,1
0.72091,1.5,0.993,1.0,3.30605,5633.0,714.1,2
742.8561164,2.2756143,0.993,1.0,5.6483285,5816.0,415.3404179,1
1.6877647,5.76677,0.993,1.0,2.189,6599.0,1655.0,1
17.1541,3.567,0.993,0.0,3.30605,4930.0,1.948,1
9.45889,1.44,0.993,1.0,3.30605,4842.0,0.02669,2
6.67410577,1.62,0.08374,1.0,3.645,5949.0,160.9,0
3.11594,1.59,0.993,1.0,3.30605,5726.0,0.162,1
24.0884178,1.16,2.78337,2.0,3.952,4213.0,387.2,2
3.0076713,12.7756,0.993,1.0,3.094,5704.0,10740.0,1
4.399739,3.01,0.993,2.0,3.30605,5726.0,0.1682,2
1.0924536,6.5935026,0.993,1.0,1.2245785,6273.0,874.580104,0
1.756466865,87.4,0.34817,1.0,4.7781,5726.0,188220.0,0
30.954222,2.5,0.993,1.0,3.30605,4040.0,0.1496,2
0.5919629,9.90447,0.993,1.0,1.0,6337.0,2450.0,0
6.7210783,3.567,0.993,1.0,7.46,5726.0,714.1,0
329.71491,1.39,1.63624,1.0,12.11,5576.0,337.0,0
45.29422297,2.26,1.27076,2.0,6.83,5676.0,477.1,2
1.371288853,1.15,0.17482,1.0,1.4528,6220.0,66.2,0
33.1981761,3.21,0.56912,3.0,4.709,5570.0,336.7,2
568.08251,2.14,1.57398,1.0,13.608,5359.0,508.3,0
6.146653835,5.18833,0.993,4.0,6.426,6500.6,1437.0,1
7.11047482,3.567,0.993,0.0,3.30605,5595.68,0.07,1
147.661729,1.59,5.6857,1.0,6.207,3788.0,1087.8,1
27.0779813,2.03,4e-05,1.0,138.54,5906.0,347.5,0
1.8134378,0.69,0.03218,1.0,7.776,5094.0,97.4,1
1.032068851,44.35,1.73073,1.0,2.1344,4387.0,121990.0,0
58.1263775,1.32,7.89676,2.0,4.018,5413.0,271.5,1
0.512869432,31.12,0.17236,2.0,4.015,5853.0,2313.0,0
4.27808,17.8096125,0.993,1.0,1.9576205,4772.0,1096.6013542,0
3.9854465,16.4220671,0.993,1.0,4.5181131,5904.0,8800.6144816,1
20.7106368,1.12,4.77757,1.0,2.693,5631.0,142.5,1
0.3969687,2.108062,0.993,1.0,1.5006666,7381.0,110.7179018,1
4.05943749,2.11,0.08853,1.0,3.245,5051.0,105.4,0
3.3526843,11.1102207,0.993,1.0,3.9579058,6245.0,11429.0738935,1
0.62927655,4.64,0.40845,1.0,0.9698,5628.0,839.5,0
21.6836634,3.567,0.993,1.0,2.641,5726.0,1546.0,1
2.7340756,9.45026,0.993,1.0,1.994,8524.0,1700.0,1
5.4240992,5.12394,0.993,1.0,2.487,5386.0,2519.0,1
22.84518,15.1752,0.993,1.0,7.215,5963.1,9210.0,0
0.849277809,20.11,0.0598,1.0,3.137,5743.0,690.8,0
3.6130857,23.3477984,0.993,1.0,1.7149191,7520.0,12550.1377027,1
11.99097576,37.47,0.02742,1.0,5.7401,6110.0,2124.3,0
0.745086745,1.29,0.07932,1.0,4.29,5325.0,270.0,0
1.013774136,18.59,2.73492,1.0,1.2774,3644.0,33878.0,1
7.11879848,41.17,1.26835,1.0,4.11282,5578.0,107660.0,0
3.336123113,1.74,3.61764,3.0,1.9616,5097.0,516.3,2
30.2111162,4.44,3.50012,1.0,4.202,5132.0,92.6,0
3.326193904,14.72,8.28627,1.0,2.08375,3520.0,178470.0,0
1.6180578,3.567,0.993,1.0,1.8204969,5726.0,17254.7980935,1
29.2254372,1.35,1.36734,1.0,5.293,6049.0,174.1,1
3.5266608,5.79479,0.993,1.0,2.105,5668.0,1320.0,1
5.801881299,62.9,0.44448,1.0,4.21133,7259.0,34470.0,0
0.933749941,12.93,0.04326,1.0,6.606,3682.0,415.3,0
7.9945503,3.4801634,0.993,1.0,4.7645363,6088.0,484.9830269,1
542.07975,9.2,0.09,6.0,3.30605,6320.0,714.1,2
6.198273591,19.81,0.18955,1.0,7.53837,6038.0,47303.0,0
9.510911,3.567,0.993,0.0,3.30605,3941.0,0.7834,0
18.42794957,2.24,2.36419,1.0,2.9264,4768.0,706.6,2
3.4532143,16.9569136,0.993,1.0,2.445241,6028.0,13153.3310188,1
44.18938922,14.0,0.12348,1.0,6.8151,6061.0,4293.5,0
3.17463577,9.32,0.00317,1.0,10.988,5999.0,405.9,0
1.55028,14.723,0.993,1.0,1.571,5039.5,23529.8,0
31.71922,3.75,0.993,4.0,3.30605,5315.0,714.1,2
7.1357259,2.7853042,0.993,1.0,2.5094893,5446.0,1047.4205923,1
5.817854,3.567,0.993,0.0,3.30605,5726.0,0.9632,0
8.7709021,12.5053,0.993,1.0,0.926,6208.0,1107.0,1
73.894163515,39.18,2.00498,1.0,9.48995,5442.0,213900.0,0
2.612273,12.9095,0.993,1.0,3.005,5874.0,7680.0,1
6.9279673,9.55039,0.993,1.0,1.868,5950.0,6830.0,1
28.55158187,1.97,1.83329,2.0,4.1502,4621.0,807.8,2
6.146653835,3.567,0.993,6.0,3.30605,6226.0,714.1,2
9.0150439,12.2284921,0.993,1.0,1.6002059,6083.61,4800.0853698,1
1.0754572,8.40705,0.993,1.0,1.832,6290.0,690.0,0
9.72664,8.42,0.993,1.0,3.30605,5726.0,0.2692,2
1.6649585,10.3733412,0.993,1.0,1.5790965,6155.0,8938.5425954,1
2.514628496,1.27,4.72758,1.0,1.6239,5662.0,228.4,2
1.632,9.24379,0.993,1.0,1.466,5997.0,5500.0,0
3.3138453,8.15594,0.993,1.0,3.863,6153.0,3550.0,1
2.8900249,3.567,0.993,1.0,0.506,4305.3,25960.0,1
2.99792926,1.12,0.23993,1.0,4.398,5888.0,45.4,2
11.02875,2.76586,0.993,2.0,2.715,4272.0,1694.0,1
12.7187255,2.5924633,0.993,1.0,3.1582562,4036.3,1144.1789073,1
1.5492212,6.80431,0.993,1.0,2.287,8364.0,1420.0,0
452.10093,2.08,1.94667,1.0,12.69,6276.0,464.0,0
1.540393027,2.17,2.18856,1.0,1.75,5466.0,526.2,0
1.525924746,8.86,1.67657,1.0,1.955,5000.0,74.1,0
50.47759052,3.567,0.993,1.0,2.02,5726.0,714.1,0
1.104462494,1.6,8.41524,1.0,1.0458,5002.0,469.1,2
272.54288087,2.35,79.41125,1.0,3.0246,5677.0,807.2,0
49.49059818,3.567,0.993,1.0,1.61,5726.0,714.1,1
64.740274,1.35,0.05202,2.0,15.082,5999.0,113.1,1
28.848339,3.657,0.993,0.0,3.30605,5344.0,714.1,1
9.12208711,52.66,0.70059,1.0,4.62417,5857.0,58790.0,0
2.010607,1.28,0.993,0.0,3.30605,3806.0,714.1,1
10.8680523,2.90726,0.993,1.0,2.375,4664.0,1553.0,1
5.803439,3.567,0.993,0.0,3.30605,5029.0,62.7831,0
3.02558494,1.62,0.18203,2.0,3.0008,6123.0,128.3,2
485.57785,2.18,8.55051,1.0,6.67,5255.0,853.0,0
26.201446,2.26,0.993,1.0,3.30605,4801.0,714.1,2
0.524175803,1.27,9.04642,1.0,0.7648,5278.0,236.8,2
195.7093855,3.567,0.993,3.0,10.78,5726.0,714.1,0
57.10412,5.61,0.993,0.0,3.30605,5726.0,0.3222,1
10.4212788,36.9,0.00033,1.0,28.4832,6183.0,148.0,0
1.7292684,6.71,0.993,1.0,3.30605,4103.0,714.1,2
6.13049,12.5189,0.993,1.0,6.11,6078.0,3640.0,1
3.855603916,13.61,1.18411,1.0,3.2179,6033.0,16653.0,2
2.074205,3.567,0.993,1.0,2.806,6987.0,8150.0,1
2.757584622,1.01,30.83073,1.0,0.9267,3683.0,563.1,2
3.77881664,3.99,0.08346,1.0,5.819,6115.0,47.1,0
7.40985182,1.18,41.33342,1.0,1.131,5462.0,201.1,1
18.79591276,7.39,0.18078,2.0,7.5235,6163.0,2431.4,2
1.337561836,1.11,2.95915,1.0,1.575,6406.0,41.0,0
1.311558909,1.15,1.53669,1.0,1.919,5926.0,141.3,2
20.13490007,2.98,0.87716,2.0,3.7962,4963.0,1035.2,2
1.8119168,8.20112,0.993,1.0,2.618,6146.0,5510.0,1
5.1087099,12.7621,0.993,1.0,1.011,5770.0,16220.0,1
2.99194823,0.78,0.11837,1.0,4.39,5269.0,99.6,0
0.83442282,0.64,1.0993,2.0,1.873,5838.0,50.9,0
14.37457572,1.94,1.15872,2.0,4.7892,5768.0,335.8,2
2.30183,1.12,0.993,0.0,3.30605,4616.52,2.268,1
2.9761504,1.02,0.12013,1.0,6.079,4236.0,259.5,0
5.09506,2.14,0.09204,1.0,5.73,6700.0,23.6,0
41.4661,3.45,0.993,1.0,3.30605,5726.0,0.098,2
25.8944827,17.6301,0.993,1.0,2.136,4375.0,27610.0,1
15.64588656,2.18,2.26608,1.0,3.959,5896.0,572.1,2
321.02094,1.96,6.002,1.0,7.51,5334.0,592.9,0
5.21395046,1.24,1.31714,1.0,3.188,5529.0,78.5,1
10.65275054,2.2,4.98044,1.0,2.684,5602.0,740.7,2
0.643468999,0.88,3.77394,1.0,1.1108,5670.0,108.0,0
250.4858,2.1,0.94847,1.0,12.72,5377.0,674.6,0
349.03703,2.27,28.848,1.0,4.76,5583.0,777.0,0
4.175186,12.92,0.993,1.0,3.30605,5950.0,714.1,2
21.9184,3.18,0.993,0.0,3.30605,5726.0,0.133,1
16.294213708,68.05,1.30728,1.0,6.01687,6237.0,174010.0,0
1.9905105,5.94241,0.993,1.0,2.62,6211.0,2270.0,0
6.36283414,1.12,1.02437,1.0,3.752,5955.0,159.4,1
1.71028117,0.91,0.69168,1.0,2.61,5910.0,111.6,0
0.646745436,1.49,0.27412,7.0,1.188,6325.0,115.6,0
0.821472455,0.92,0.49032,1.0,2.433,4889.0,127.1,0
8.60133,5.31,0.993,0.0,3.30605,5726.0,0.2804,1
16.00747237,2.99,1.84859,2.0,1.267,5857.0,277.6,2
6.1161423,6.70408,0.993,1.0,1.424,5858.0,3588.0,1
136.355967,1.42,19.27796,1.0,3.17,6077.0,165.1,0
6.403011,7.96127,0.993,1.0,5.82,5713.3,3868.0,1
18.372561,8.40725,0.993,1.0,4.807,5822.0,4311.0,1
3.7519831,12.9516,0.993,1.0,2.891,5389.0,17240.0,1
36.9870862,8.83849,0.993,1.0,3.771,6110.1,5950.0,1
8.8263579,12.1777996,0.993,1.0,3.4318591,6016.0,5877.74804,1
10.9911631,21.5876,0.993,1.0,1.559,4915.3,18917.0,1
24.141229,4.0770689,0.993,1.0,3.069765,6156.0,1612.7795426,1
40.70206194,3.567,0.993,0.0,3.30605,3759.0,0.536,1
4.6200781,7.04607,0.993,1.0,2.149,5999.0,3480.0,0
1.906633332,2.72,0.02429,1.0,3.0825,6736.0,268.0,0
63.1448519,2.8828549,0.993,1.0,4.9925509,4152.0,1697.0188103,1
2.3206673,4.047,0.993,1.0,0.969,4231.0,2935.0,1
3.3399432,3.567,0.993,1.0,4.2534704,5095.6,9074.0787832,1
5.9097139,18.7334,0.993,1.0,5.732,6508.0,8420.0,1
5.24,1.1,0.993,3.0,3.30605,3420.0,0.067,2
15.5174519,2.43592,0.993,1.0,5.322,5780.0,434.0,1
23.6272223,3.84,0.15178,1.0,7.9,8308.0,154.6,0
1.387206724,103.41,0.45506,1.0,3.82527,7207.0,151430.0,0
16.9348104,1.31,2.64272,3.0,3.408,4650.0,346.3,2
13.8198702,3.09224,0.993,1.0,5.041,5598.0,328.0,1
1.8882882,17.6221,0.993,1.0,2.714,6436.0,18080.0,1
1.25562,2.95064,0.993,1.0,2.304,5717.0,290.0,0
2.464160779,36.93,0.01505,1.0,2.427,5238.0,116.7,0
5.5822739,11.6541,0.993,1.0,1.463,5997.0,7390.0,1
6.2089181,9.2,2.00299,1.0,2.292,5548.0,1664.0,0
2.1186344,3.567,0.993,1.0,2.553,3898.0,4200.0,1
6.9862794,3.32,0.993,1.0,3.30605,3891.0,0.291,2
12.4285576,2.22,0.00565,1.0,13.98,5492.0,620.1,0
0.53482911,0.54,4.20711,1.0,0.996,3229.0,704.0,0
3.9759251,13.4485221,0.993,1.0,2.4026632,4693.0,31337.4687251,1
23.5541012,2.33,0.32025,1.0,7.3,9565.0,95.2,2
2.7612237,1.84,0.44627,1.0,3.681,6381.0,66.8,2
2.024143568,1.94,0.72886,3.0,2.5273,5794.0,239.4,2
30.952606,3.0,0.993,1.0,3.30605,5726.0,714.1,2
0.7839149,3.567,0.993,1.0,1.6423921,5780.0,918.1396434,1
8.7529,1.59,0.993,2.0,3.30605,4326.0,714.1,2
62.3026877,3.05,0.50914,6.0,7.509,5688.0,859.3,2
33.2948005,1.46,10.84224,1.0,2.997,6217.0,215.7,0
5.462689263,36.25,0.12981,1.0,3.2605,5929.0,4184.6,0
2.5650361,13.0681,0.993,1.0,2.273,5866.0,9190.0,1
40.0691482,13.25,0.29941,1.0,2.928,5485.0,784.1,1
17.99643716,30.08,1.34044,1.0,4.164,4438.0,36923.0,0
11.6158,3.567,0.993,0.0,3.30605,3189.0,8.83,0
10.26547688,1.81,0.70563,1.0,3.733,5699.0,399.6,0
11.561052,2.03,0.993,1.0,3.30605,5920.0,714.1,2
164.57506747,3.567,0.993,1.0,9.57,5726.0,714.1,0
1.625522174,9.73,1.28198,1.0,2.38963,5539.0,7969.0,2
6.7822781,9.0508641,0.993,1.0,2.6460451,5225.0,10143.2450255,1
0.251647,27.97665274,0.993,0.0,3.30605,5833.0,714.1,1
5.6148305,9.62058,0.993,1.0,3.829,9856.0,2300.0,1
214.3120439,9.17,0.5002,1.0,16.2938,6471.0,4523.4,2
3.3055191,1.27,0.993,0.0,3.30605,3430.0,0.111,1
1.8048106,14.8028768,0.993,1.0,4.3641932,5972.0,4555.9682539,1
4.5352255,1.753622,0.993,1.0,3.0733542,5788.42,195.4048675,1
3.0579913,14.2454281,0.993,1.0,3.125607,5967.0,7764.9825702,1
4.9186433,10.544,0.993,1.0,1.849,4394.0,19840.0,1
2.1970052,12.6118,0.993,1.0,2.966,5636.0,7470.0,1
1.2916,2.03,0.993,2.0,3.30605,3778.0,714.1,2
16.4547455,4.11474,0.993,1.0,4.517,5826.0,2186.0,1
3.42064689,2.27,0.47172,2.0,1.767,5370.0,356.8,2
623.005238,66.64,0.7123,1.0,23.5615,5689.0,140330.0,0
13.697384,4.211945,0.993,1.0,4.783848,5837.0,1061.94658,0
21.294733865,71.55,0.65979,1.0,7.60143,6039.0,123180.0,0
8.49640437,2.14,3.56038,1.0,2.2128,5093.0,834.0,2
2.2349708,11.1799,0.993,1.0,2.016,6305.2,3870.0,1
2.8456505,6.4972,0.993,1.0,2.556,6112.0,2681.0,1
0.835315046,30.54,0.29215,1.0,2.45449,5009.0,16876.0,0
1.1109316,12.8052345,0.993,1.0,1.9803068,6498.6,2227.4346262,1
6.397886,3.567,0.993,1.0,2.296,5324.0,9792.0,1
1.89873195,0.93,5.89271,1.0,1.382,5942.0,78.0,1
9.6837921,3.567,0.993,1.0,2.4006056,8598.7,4238.2399008,1
3.47701312,3.567,0.993,0.0,3.30605,5225.91,2.062,1
10.81315417,1.46,9.9606,1.0,1.275,6380.0,80.3,0
2.5577037,3.9587,0.993,1.0,2.577,6039.0,530.0,1
17.4372954,11.4845,0.993,1.0,2.967,6520.0,2060.0,1
96.6781852,3.29,4.04888,3.0,5.6957,5386.0,951.3,2
355.86134,2.79,0.25762,1.0,23.39,5736.0,1220.7,1
7.05185637,3.567,0.993,2.0,3.69,5726.0,714.1,0
5.233450136,70.33,0.29245,1.0,8.57374,5841.0,430420.0,0
253.87706,1.81,1.26323,1.0,11.18,6553.0,265.6,0
3.4321678,9.36413,0.993,1.0,5.115,6176.0,1950.0,1
3.2136333,11.1273,0.993,1.0,1.875,6189.4,7810.0,0
265.2996227,33.81,4.29723,2.0,8.8452,5873.0,100160.0,0
1.540389045,32.54,2.20679,1.0,1.8325,4964.0,485.7,0
19.741616041,82.98,7.1654,1.0,3.07231,6535.0,88822.0,0
34.25951418,2.41,2.89759,3.0,4.7743,5409.0,1072.5,2
76.87935893,7.71,22.55318,1.0,2.3819,3638.0,21272.0,1
4.01628,1.64,0.993,2.0,3.30605,5758.0,714.1,2
43.535891,1.86,3.39358,2.0,4.712,5481.0,576.6,1
2.42232,3.567,0.993,1.0,2.873,2838.0,5696.52,0
7.3142625,12.5859,0.993,1.0,3.367,4881.0,18810.0,1
6.09705,3.567,0.993,7.0,3.30605,5726.0,714.1,2
13.28689997,2.78,3.45528,2.0,3.2825,5730.0,1039.6,2
2.0344366,0.901106,0.993,2.0,0.958248,3022.0,1142.0994266,1
4.4921154,14.9094,0.993,1.0,3.108,5353.0,19562.0,1
153.521361,3.09,22.19524,1.0,3.893,6233.0,255.2,0
95.6114617,2.37,2.03186,2.0,7.489,6002.0,487.4,2
15.5523703,3.54892,0.993,1.0,5.554,5759.0,723.0,1
7.226944171,237.79,0.07032,1.0,23.0124,6270.0,682180.0,0
5.05821338,10.69,1.13328,2.0,1.132,4883.0,748.3,2
2.873138,3.97027,0.993,1.0,2.908,5856.0,1240.0,0
2.0353259,11.6988,0.993,1.0,2.032,5771.0,12030.0,1
24.81097206,4.22,7.04712,2.0,3.2245,6086.0,2090.8,2
4.521953,1.593,0.993,2.0,3.30605,5789.0,714.1,2
41.0772969,3.25,2.25399,1.0,5.525,5665.0,1216.8,0
6.0749198,10.0564,0.993,1.0,2.728,5643.0,6328.0,1
15.9042402,3.79,2.15761,2.0,2.093,5583.0,444.8,1
17.95473,14.9952,0.993,1.0,3.139,6029.5,5962.04,0
0.54028956,21.45,0.1147,1.0,3.619,5997.0,293.5,0
5.3331348,10.0196,0.993,1.0,2.805,5807.7,5670.0,1
0.532087933,74.83,0.74301,1.0,3.45028,5780.0,510370.0,0
9.47850818,1.47,0.35078,3.0,6.154,6249.0,184.6,2
0.915782856,32.86,0.05771,1.0,2.24,6318.0,301.0,0
1.022678654,1.14,3.5012,1.0,1.3712,5366.0,129.2,2
3.7833369,13.3743,0.993,1.0,3.386,5266.0,11530.0,1
41.55209,4.3,0.993,0.0,3.30605,5726.0,0.3044,1
3.840130917,33.44,1.22902,1.0,2.8951,5931.0,60401.0,0
3.793306,1.56,0.993,1.0,3.30605,3669.0,714.1,2
3.72273683,0.52,0.03517,1.0,8.552,5898.0,37.8,0
5.1941869,10.8037,0.993,1.0,1.581,6085.6,5955.0,1
2.0478359,12.2554,0.993,1.0,1.559,3854.0,40591.0,1
4.73363,5.81,0.993,1.0,3.30605,5726.0,0.0973,2
2.790862,16.72,0.993,1.0,3.30605,5726.0,0.9773,2
1.445433,3.493627,0.993,1.0,3.684343,3266.0,16635.28994,0
1.225,3.567,0.993,0.0,3.30605,5222.0,0.0224,1
0.7438074,9.77911,0.993,1.0,1.377,5182.0,633.0,0
0.515875396,7.22,0.0715,1.0,1.21,7229.0,1773.0,0
155.046089,444.08,0.06066,1.0,10.205,6513.0,2238.0,0
59.7711433,3.17,0.53689,1.0,4.843,6214.0,574.5,2
2.8300213,6.47417,0.993,1.0,1.646,6205.0,3790.0,0
1.1096992,9.33715,0.993,1.0,2.097,8666.0,620.0,0
2.183517999,4633.66,0.02335,1.0,4.2703,3198.0,1321.6,0
11.682369,1.45,1.97976,2.0,2.71,6089.0,234.5,1
168.84663,1.45,1.56085,1.0,9.75,5897.0,215.1,0
0.883778461,1.09,0.97896,1.0,1.6339,5975.0,120.1,0
3.1726875,11.911,0.993,1.0,2.05,5056.0,18990.0,1
37.809539,1.79,0.78635,1.0,7.547,5595.0,487.4,0
1.4556637,3.567,0.993,0.0,3.30605,6520.0,2.958,1
1.546222068,0.77,0.02565,3.0,7.998,5611.0,49.4,0
19.895,7.46,0.64,1.0,3.30605,5741.0,714.1,2
3.1420495,12.6079161,0.993,1.0,2.6691319,4996.0,18253.753966,1
7.4539297,3.567,0.00126,1.0,14.21,5726.0,714.1,0
0.715802309,25.52,0.23503,1.0,1.5586,5239.0,2208.6,0
8.22241355,2.28,3.53227,1.0,2.71,4213.0,1468.6,2
4.78850084,0.63,3.71904,4.0,2.099,5208.0,66.5,1
0.752158047,106.66,0.45618,1.0,2.42733,5770.0,37879.0,0
9.3251498,1.89,0.993,2.0,3.30605,4024.0,0.0821,2
67.968656,1.71,1.02857,3.0,7.948,5670.0,321.8,2
1.33254024,0.59,0.09839,1.0,3.16,6071.0,35.8,0
3.3792968,3.567,0.993,1.0,1.196,6125.1,6680.0,1
1.992812339,6.81,0.03649,4.0,2.066,3638.0,314.8,2
1.204529346,1.4,1.98632,1.0,1.62,5340.0,86.9,0
6.9392854,3.567,0.993,1.0,5.859,5726.0,14590.0,1
2.08807,12.4,0.993,0.0,3.30605,5726.0,0.0717,1
119.67747,36.8,0.00217,1.0,32.274,6075.0,3254.1,0
438.81524,1.36,12.44843,1.0,6.75,5324.0,332.8,0
6.6717686,2.18,0.993,2.0,3.30605,4500.0,0.0831,2
8.4130034,4.3741604,0.993,1.0,2.5601309,6529.0,490.4350481,1
736.5601487,13.9475,0.993,1.0,4.183,5895.4,3600.0,0
27.6853358,3.11,0.3553,1.0,4.661,5216.0,1660.7,0
13.1147744,9.79059,0.993,1.0,4.318,5496.1,3890.0,1
2.41434868,0.97,9.60814,1.0,1.2701,4507.0,191.0,2
27.3714952,18.3071322,0.993,1.0,9.708321,5903.0,11052.8460427,1
2.8114961,1.39962,0.993,1.0,3.35,6768.0,90.0,1
3.9299344,3.567,0.993,1.0,1.2628875,5780.0,2252.0354917,1
7.6605425,3.567,0.993,1.0,4.425,5726.0,5210.0,0
12.8770845,10.8337698,0.993,1.0,1.9419484,5953.0,7385.1208646,1
14.3400358,0.68,0.72721,1.0,5.7,3358.0,1706.0,0
48.249552,17.99855135,0.993,0.0,3.30605,5792.0,714.1,1
44.4304059,2.61,0.35682,4.0,10.306,5951.0,238.5,2
0.94242156,3.567,0.993,1.0,1.89,5726.0,714.1,0
131.0,5.51,0.993,6.0,3.30605,6199.0,714.1,2
2.97607935,1.1,0.07039,1.0,4.606,5547.0,130.4,0
1.41853,3.93221,0.993,1.0,2.728,6329.0,560.0,0
7.4190257,11.48,0.993,1.0,2.472,6004.0,11610.0,1
4.534451,23.183789,0.993,1.0,4.936391,6421.5,23574.842911,0
3.439221,6.2369,0.993,1.0,1.693,5053.0,5050.0,1
0.554633,3.567,0.993,0.0,3.30605,4729.0,2.677,0
16.2276756,2.11,1.39845,1.0,3.699,5328.0,525.8,0
212.760495,2.8,36.6743,1.0,3.703,7021.0,195.8,0
6.146653835,7.51,0.993,2.0,3.30605,5726.0,0.3145,1
46.2991052,4.33,2.91812,1.0,5.2481,5396.0,854.9,1
2.861159894,4.37,0.22208,1.0,1.8832,6126.0,1014.3,0
4.9197461,12.6447,0.993,1.0,3.023,5822.0,10380.0,1
8.368791,7.49,0.993,1.0,3.30605,3970.42,714.1,2
22.88159,1.75221592,0.993,3.0,3.30605,5134.0,714.1,2
14.4217699,9.4489967,0.993,1.0,2.3406411,6026.94,2348.45658,1
0.522199,3.567,0.993,0.0,3.30605,5726.0,3.5912,0
1.44438449,1.08,0.46492,1.0,2.704,6667.0,75.4,0
20.004714,0.89,6.43311,1.0,2.952,5299.0,115.7,0
0.760935268,35.68,1.31222,1.0,2.77023,4675.0,370600.0,0
4.70847097,19.58,0.23803,1.0,6.0503,6214.0,32622.0,0
47.3860753,9.77368,0.993,1.0,1.81,4415.0,19550.0,1
4.728422,13.0542,0.993,1.0,1.398,5655.8,10770.0,1
12.4551225,8.675766,0.694,1.0,3.30605,5282.0,714.1,2
2.7863813,12.0024836,0.993,1.0,1.8415464,5376.0,11628.7594512,1
5.0487451,0.67,0.66294,1.0,4.007,5450.0,67.6,1
12.69905011,2.62,1.93518,2.0,2.9899,5291.0,797.4,2
25.431861399,43.42,1.09091,1.0,5.23771,5754.0,46565.0,0
17.0548288,9.80945,0.993,1.0,4.555,5769.0,5295.0,1
6.17039154,2.17,5.5888,1.0,2.116,6137.0,502.9,0
44.616751,2.31,0.40915,1.0,7.831,6763.0,239.7,2
2.995357359,112.12,0.20243,1.0,6.57901,5949.0,172400.0,0
246.87131,2.02,1.53175,1.0,10.69,6168.0,433.6,0
3.270563,3.567,0.993,1.0,1.682,5219.5,9670.0,1
18.87022157,2.82,5.61288,2.0,3.1404,5402.0,1096.6,2
25.0985083,1.59,2.1809,3.0,2.7727,5782.0,167.6,2
6.2820426,23.76,0.00732,1.0,7.941,6635.0,1413.0,0
1.5873866,1.09083,0.993,1.0,1.51,5028.0,110.0,0
2.5610662,2.3454,0.993,1.0,4.338,6161.0,170.0,1
0.566802672,1.08,0.15172,1.0,3.545,5102.0,31.7,0
2.61090223,1.8,0.66319,2.0,1.976,5514.0,222.5,1
1.9741954,1.79,0.993,1.0,3.30605,3712.0,714.1,2
1.3926549,13.3635819,0.993,1.0,2.0005269,5615.0,7098.4535786,1
34.573718512,0.42,27.82477,1.0,2.1742,3374.0,399.0,1
17.5859472,2.24,2.83348,1.0,3.815,5780.0,509.5,0
32.939614,2.279,0.993,2.0,3.30605,3457.0,714.1,2
8.27745764,2.46,3.27949,1.0,2.713,5129.0,197.2,2
1.374249107,96.85,0.1704,1.0,5.3181,7053.0,136660.0,0
1.2667147,8.31491,0.993,1.0,1.712,6084.0,1870.0,0
27.40229859,3.63,0.77467,4.0,6.8491,6198.0,747.5,2
297.71402,45.69,0.24906,2.0,13.413,4916.0,1374.5,0
15.22895514,3.0,2.33268,2.0,2.5967,5456.0,1124.8,2
5.1442317,13.8382,0.993,1.0,5.856,5936.0,4310.0,1
7.68433346,2.58,1.69524,3.0,1.4346,4402.0,1175.0,2
9.0105414,2.1513682,0.993,1.0,1.8443264,3275.0,4125.0713,1
37.3683802,10.58,2.70988,1.0,2.8,5101.0,206.6,0
104.8205868,6.45,1.62532,2.0,4.4794,5986.0,3920.1,1
12.426173,2.67,0.00021,1.0,30.64,6367.0,115.1,0
3.4074188,17.1042,0.993,1.0,3.111,6237.0,18130.0,1
17.72722648,35.18,4.69937,1.0,4.1376,6021.0,147140.0,0
90.097375,1.7,0.38775,2.0,12.697,6116.0,282.6,1
2.8067423,13.4381,0.993,1.0,1.997,5863.0,17630.0,1
6.146653835,2.6737151,0.993,1.0,3.6676275,4677.0,1168.7878058,1
2.58819,1.587,0.993,2.0,3.30605,5726.0,0.03,2
22.06402,2.67,0.17456,1.0,4.1,6232.0,388.7,2
3.4608812,19.0253,0.993,1.0,3.608,5695.0,16514.0,1
4.01798053813,1.1017624,0.993,1.0,3.30605,3166.0,0.28089118,2
2.405625303,1.11,59.30023,1.0,0.6283,5450.0,163.5,1
0.589458602,0.98,9.12761,1.0,0.8278,5286.0,158.4,0
1.05459,1.29,0.993,0.0,3.30605,3445.0,714.1,1
3.1243759,12.9639,0.993,1.0,3.93,5477.0,6498.0,1
3.291897,3.39,0.993,0.0,3.30605,3850.0,714.1,1
7.0911739,14.5208,0.993,1.0,5.635,5924.0,8187.0,1
6.18943952,0.65,3.55108,5.0,2.3316,5051.0,83.2,2
2.3745416,13.6144,0.993,1.0,3.17,5865.0,10590.0,1
25.7054557,1.75,0.35719,1.0,6.059,6326.0,266.3,0
11.5379235,3.827,0.993,1.0,3.661,5835.0,1405.0,1
0.2097217,11.9597,0.993,1.0,0.25,6046.0,1250.0,1
20.2729914,11.80305668,1.07,1.0,3.30605,5870.0,1.603,2
5.7517969,6.2303216,0.993,1.0,3.0489623,6510.3,701.5728877,1
0.945825494,1.14,0.87041,1.0,1.8496,6116.0,104.7,0
0.93346092,3.567,0.993,0.0,3.30605,6035.64,0.194,1
3.8030207,4.18884,0.993,1.0,2.537,5035.0,2103.0,1
4.9107194,14.9335,0.993,1.0,4.445,6302.0,8240.0,1
1.51264208,36.72,0.95512,1.0,1.871,5258.0,23842.0,0
21.570508432,63.68,0.14642,1.0,13.8604,6322.0,134180.0,0
1.55400389,1.59,2.54733,3.0,1.7664,5409.0,465.8,2
1.131305,3.93,0.993,0.0,3.30605,5726.0,0.1366,1
3.2358535,3.567,0.993,1.0,3.777,5095.6,5460.0,0
0.6680065,15.4569,0.993,1.0,0.835,5159.0,550.0,0
3.375716723,2.34,0.15164,1.0,1.5436,6310.0,175.7,1
1.575631524,28.66,0.38307,1.0,2.59202,6202.0,25627.0,0
17.1057,5.91,0.993,0.0,3.30605,5726.0,1.006,1
110.7556272,29.64,0.67189,1.0,6.819,6525.0,8067.0,1
7.3744897,2.85,2.9,2.0,3.30605,4491.0,714.1,2
6.326763,2.07,0.993,1.0,3.30605,5741.0,714.1,2
28.027891356,31.3,0.12058,1.0,17.3269,5231.0,243230.0,0
36.0484798,1.24,1.4348,2.0,5.763,5602.0,127.6,1
4.3415097,3.567,0.993,1.0,1.7793909,3427.0,103523.691837,1
5.0825188,0.88,0.75634,1.0,3.328,5706.0,105.0,0
2.41194057,1.35,2.02488,1.0,1.787,5598.0,67.3,1
2.302365255,63.06,0.01104,1.0,23.88,5948.0,62160.0,0
0.952377862,28.44,0.06071,1.0,4.0869,5662.0,2122.3,0
53.1991439,2.8396233,0.993,1.0,6.2024225,5729.0,591.4602835,1
4.9640641,13.6926,0.993,1.0,4.908,6323.0,4910.0,1
2.6788253,5.07891,0.993,1.0,2.49,6863.0,350.0,0
43.2675604,1.61,0.12949,1.0,8.331,5747.0,69.1,1
6.6716723,1.27,2.86343,1.0,2.693,6086.0,154.4,1
3.3133491,14.7466,0.993,1.0,3.881,6690.0,8900.0,1
4.1846077,11.2001,0.993,1.0,1.805,5714.9,10662.0,1
16.2117629,7.2826036,0.993,1.0,5.3495584,6119.0,3669.0022778,1
5.9910569,2.3197704,0.993,1.0,3.4644509,5711.7,411.3820085,1
20.49041,2.34,2.21987,1.0,4.369,5681.0,661.8,2
5.7619248,1.37,0.993,1.0,3.30605,5350.0,0.0226,2
4.4247361,10.688,0.993,1.0,2.757,5536.0,13312.0,1
4.0483695,13.766,0.993,1.0,2.896,6054.0,12060.0,1
2.4841939,11.8,0.993,1.0,3.30605,5994.0,0.92,2
5.95489993,2.33,3.48052,3.0,2.3892,4261.0,1410.7,2
4.4984354,3.12,0.993,0.0,3.30605,4309.0,0.185,1
3.0295916,3.567,0.993,1.0,2.473,5081.3,14333.0,1
12.82252496,20.12,0.0529,1.0,18.8,5845.0,19268.0,0
1.110599919,1.07,3.73573,1.0,1.3493,5227.0,157.6,0
9.48814747,0.73,29.11492,3.0,1.163,5680.0,47.9,1
1.4893582,12.5424,0.993,1.0,1.286,6208.0,8600.0,1
0.515552803,13.96,0.17661,2.0,1.7869,5068.0,1224.1,0
2.3933087,2.03235,0.993,1.0,5.507,6393.0,150.0,1
5.9214231,2.8781652,0.993,1.0,2.2680522,4361.0,1221.9430373,1
4.8622127,12.335,0.993,1.0,6.011,6142.0,3480.0,1
34.1365,10.54,0.993,0.0,3.30605,5726.0,0.3371,1
1.061934313,15.14,0.04487,1.0,3.194,4304.0,607.0,0
24.94598,2.01,0.993,2.0,3.30605,6570.0,0.019,2
43.263305017,62.75,1.26972,1.0,10.0915,5623.0,359090.0,0
10.064687893,30.11,0.37543,1.0,3.59854,5185.0,10088.0,0
0.536544193,0.9,0.22932,1.0,2.918,5041.0,159.5,0
7.05675145,1.68,3.5363,2.0,2.0261,6388.0,130.0,2
3.6079916,15.3816,0.993,0.0,3.30605,5308.3,0.6055,1
2.501531,20.1829,0.993,1.0,1.887,5823.0,2980.0,1
392.94247,1.6,2.52821,1.0,11.055,6596.0,120.3,0
8.2148505,10.4375,0.993,1.0,3.839,6183.0,3140.0,1
6.47539108,1.92,2.0051,3.0,2.7048,4954.0,530.6,2
3.6039259,9.20389,0.993,1.0,3.737,7080.0,940.0,1
9.03079,3.6,1.2,4.0,3.30605,5576.0,714.1,2
51.53997972,5.51,1.85679,4.0,6.3994,5427.0,3644.3,2
6.6153188,2.2695325,0.993,1.0,2.3345844,4157.0,1341.3720224,1
260.02265,3.13,0.30515,1.0,12.009,5250.0,2060.7,0
6.2335155,3.9286675,0.993,1.0,1.5179746,3211.0,13899.3555966,1
9.4715404,2.9723031,0.993,1.0,1.6493835,5216.0,1186.7670333,1
0.2122013,0.519,0.993,0.0,3.30605,5726.0,0.0725,1
39.94344731,3.567,0.993,2.0,1.71,5726.0,714.1,0
2.555332,20.5128,0.993,1.0,5.14,6454.0,6550.0,0
28.0693949,1.6221344,0.993,2.0,6.0393818,6007.0,154.3008171,1
1.97741,17.5768,0.993,1.0,6.549,6742.0,5470.0,0
4.4416421,1.17,0.993,0.0,3.30605,5547.0,0.0143,1
1.8437362,25.26,0.0098,1.0,21.04,6032.0,341.1,0
3.003879547,10.96,0.79594,1.0,3.2848,6311.0,8538.0,2
1.958577398,1.8,0.72208,1.0,2.388,5402.0,453.0,0
1.980356674,2.1,0.44056,3.0,2.4743,6078.0,271.9,2
1.470258,12.2412,0.993,1.0,1.126,6321.46,2700.0,0
42.1918331,2.35,1.05579,1.0,7.083,5520.0,488.7,2
24.6842,2.49,0.993,0.0,3.30605,5726.0,0.0408,1
21.8634638,2.37,2.98859,1.0,3.542,5383.0,871.0,2
151.31847,1.13,0.23528,1.0,16.45,6003.0,105.4,0
3.39829,7.06633,0.993,1.0,2.634,6271.0,4340.0,0
14.311,3.567,0.993,0.0,3.30605,4076.0,0.0689,1
4.35967,2.31,0.993,0.0,3.30605,5726.0,0.1568,1
0.555317,3.567,0.993,0.0,3.30605,5295.0,41.6594,0
5.91039905,3.567,0.993,2.0,3.85,5726.0,714.1,0
0.6858178,0.9996714,0.993,1.0,1.3936363,5142.0,148.2277582,1
5.0414219,11.6667,0.993,1.0,6.675,5838.0,2340.0,1
1.5142292,11.6042711,0.993,1.0,1.7190416,6616.0,5271.4558635,0
356.99135,2.47,0.60134,1.0,17.03,5539.0,747.8,0
0.566805887,0.08,0.06457,1.0,5.2317,5000.0,1.7,0
4.0902788,13.9755,0.993,1.0,3.584,6130.0,5060.0,1
4.27226421,0.64,1.2086,4.0,2.113,5450.0,48.9,2
6.669,3.567,0.993,0.0,3.30605,5048.0,0.0213,1
1.92027188,3.567,0.993,2.0,2.65,5726.0,714.1,0
0.3093954,15.7244,0.993,1.0,0.442,4769.0,7680.0,0
3.2569118,15.9704,0.993,1.0,3.689,7320.0,5960.0,1
0.959628,1.8,0.993,4.0,3.30605,5726.0,714.1,2
41.9934673,1.56,11.01888,1.0,3.226,5766.0,293.7,1
11.41941928,0.99,0.21529,3.0,3.3075,4498.0,150.5,2
8.589562,15.95,0.00131,1.0,9.885,5766.0,245.4,0
98.51783198,3.567,0.993,1.0,1.65,5726.0,714.1,0
12.647815,1.38162499,0.993,1.0,3.30605,4799.0,714.1,2
3.735051,14.2690959,0.993,1.0,2.4293974,5829.0,8964.0239073,1
6.05919881,1.21,15.23066,1.0,1.365,5734.0,154.2,2
7.51514595,35.8,2.16082,1.0,3.54486,5624.0,117460.0,0
3.46608,20.8363,0.993,1.0,4.403,7249.8,1620.0,0
6.0978165,14.2859,0.993,1.0,3.402,6255.0,15220.0,1
41.408316686,11.38,3.42177,1.0,5.0264,5522.0,22839.0,2
7.95486,2.07,0.993,2.0,3.30605,4097.0,0.11,2
16.3764188,4.23355,0.993,1.0,4.775,6397.0,1230.0,1
1.274840187,66.76,0.02077,1.0,14.833,5365.0,229.2,0
2.9985667,17.8036847,0.993,1.0,3.025166,6126.0,28040.9068572,0
10.9543562,9.03653,0.993,1.0,4.737,5542.4,8770.0,1
9.401312,2.729,0.993,1.0,3.30605,5911.0,714.1,2
9.76897,3.567,0.993,0.0,3.30605,5388.0,714.1,1
4.6049829,1.67,0.993,1.0,3.30605,4843.0,0.0432,2
3.338577,11.9188,0.993,1.0,3.519,7482.0,3620.0,1
1.25383162,0.47,0.03159,1.0,7.68,6472.0,12.9,0
27.3214242,3.61,0.04624,3.0,4.836,5592.0,279.6,2
1.4182984,9.60116,0.993,1.0,0.654,9267.0,2124.0,1
0.759755409,0.91,0.27536,1.0,2.734,6090.0,70.0,0
23.65369415,7.89,0.41907,5.0,8.2183,5739.0,3341.8,2
14.1011023,1.26,1.32322,1.0,4.513,6534.0,108.2,1
18.0574016,3.8092663,0.993,1.0,3.592177,5897.0,1198.0572128,1
5.7158895,12.3206,0.993,1.0,2.437,5224.0,22050.0,1
5.1855507,2.4406793,0.993,1.0,1.9734133,3921.0,1496.7919264,1
1.5755252,21.7284649,0.993,1.0,3.5874714,6560.0,3712.6009177,1
15.7397651,1.18,3.84152,1.0,3.297,4733.0,287.7,0
5.90260586,1.26,8.37101,1.0,1.832,4960.0,337.7,1
8.26726,3.4,2.24,1.0,3.30605,5373.0,714.1,2
16.993435,1.53786409,0.993,1.0,3.30605,5252.0,714.1,2
8.58289,2.33,0.993,2.0,3.30605,5773.0,714.1,2
147.281212,2.28,2.28018,1.0,7.375,5708.0,452.8,1
4.252082243,33.14,0.30329,1.0,2.7543,5802.0,8290.5,0
13.4959496,1.62,12.24811,1.0,2.085,5962.0,253.6,1
5.7351935,9.87741,0.993,1.0,2.927,5042.0,18384.0,1
4.2768515,12.027,0.993,1.0,4.586,5691.0,5000.0,1
4.16288745,1.32,89.35811,2.0,0.678,4478.0,391.7,1
2.7543175,2.11364,0.993,1.0,1.471,3573.0,1368.0,1
3.5947639,5.10241,0.993,1.0,1.81,5594.0,3070.0,1
4.94402197,32.92,0.0098,1.0,4.062,6013.0,363.3,0
34.2825595,5.84592,0.993,1.0,6.989,6145.0,2540.0,1
284.063137,6.36,0.69068,2.0,8.297,5791.0,1628.1,2
3.9687994,3.567,0.993,1.0,1.07,5286.9,1760.0,1
357.77096,1.42,1.40591,1.0,12.999,5523.0,216.3,0
6.414008,2.9,0.993,1.0,3.30605,3620.0,0.4614,2
39.30944096,2.87,1.8866,1.0,5.77,5607.0,1132.1,2
0.57023,0.86,0.993,1.0,3.30605,5500.0,714.1,2
1.5454492,2.4829303,0.993,2.0,2.7821528,3264.0,4280.7714918,1
7.508818,1.02,0.2369,1.0,6.5,6293.0,70.1,0
19.441899,4.15,0.993,0.0,3.30605,2601.0,11.8,0
4.973455252,2.46,2.28351,2.0,1.6519,5097.0,741.6,2
0.5366497,0.92,0.24851,1.0,2.887,5822.0,105.4,0
9.705693,2.07,0.0107,1.0,7.702,5808.0,140.8,2
6.4424263,3.14002,0.993,1.0,2.604,4661.0,1430.0,1
1.33711647,14.056,1.573,1.0,3.30605,4645.0,714.1,2
2.851702,2.16,0.993,0.0,3.30605,5726.0,0.488,1
15.387063,2.39,0.993,1.0,3.30605,6058.0,714.1,2
4.17032,3.19,0.993,2.0,3.30605,5726.0,0.0935,2
2.2358979,3.28794,0.993,1.0,1.588,4793.8,610.0,1
700.9622566,2.2203819,0.993,1.0,6.2194192,5626.0,456.5698347,1
22.1575175,2.17495,0.993,1.0,3.374,5174.0,837.0,1
1.734422,4.24151,0.993,1.0,2.32,5890.0,1230.0,0
12.426469,1.66,0.00036,1.0,25.71,5691.0,180.5,0
6.771347,4.74,1.71,1.0,3.30605,5246.0,714.1,2
3.1084574,13.2168,0.993,1.0,2.534,6024.0,9902.0,1
2.1032389,36.63,0.05066,1.0,6.4774,5546.0,24852.0,0
32.033211,0.85,1.86912,1.0,5.289,6039.0,71.3,1
6.400157105,2.52,0.87234,2.0,2.0004,5299.0,743.2,2
8.050722,1.31,0.993,2.0,3.30605,5502.7,714.1,2
8.31001,18.2639,0.993,1.0,7.754,6649.0,5667.0,1
1.0929203,1.3599954,0.993,2.0,1.5258481,4361.0,377.4316425,1
0.770658979,0.68,1.84245,1.0,1.401,5058.0,83.5,1
3.1580472,8.3204,0.993,1.0,2.6816352,7606.3,7782.0821448,1
2.1805577,18.405178,0.37,1.0,3.30605,6099.0,714.1,2
1.0451165,6.13091,0.993,1.0,0.794,5921.2,1010.0,1
5.0711656,15.3998,0.993,1.0,6.032,7304.0,5325.0,1
12.011661094,55.2,0.51094,1.0,3.77516,6753.0,14294.0,0
47.0196372,3.1012834,0.993,1.0,5.8659335,5249.18,1251.7456152,1
14.09292,2.58,0.993,3.0,3.30605,5726.0,0.0893,2
10.7012764,19.1102,0.993,1.0,4.428,5853.2,25250.0,1
15.08186,0.98,0.70973,1.0,4.004,5794.0,81.6,1
3.7863767,9.94411,0.993,1.0,5.123,6892.9,2190.0,1
1.76406,12.3762,0.993,1.0,3.086,6481.7,870.0,0
10.13446,1.92,0.993,1.0,3.30605,5726.0,0.705,2
7.57571414,2.45,3.95146,1.0,2.357,6418.0,418.5,0
10.42317343,1.07,1.48008,3.0,2.341,5767.0,71.2,2
4.8982659,4.84123,0.993,1.0,2.874,5696.0,2055.0,1
45.1178526,2.78,0.26291,1.0,3.737,5585.0,389.2,0
6.679,3.567,0.993,2.0,3.30605,5468.0,0.0655,2
8.8656511,2.52,0.993,1.0,3.30605,5306.0,714.1,2
0.708548,4.66694,0.993,1.0,0.845,5678.0,800.0,1
1.606003121,360.08,0.5028,1.0,4.88602,5297.0,402550.0,0
21.7300248,2.526638,0.993,1.0,2.4879281,4788.0,1119.2111083,1
3.2637419,13.3617,0.993,1.0,1.977,6016.1,8150.0,1
14.8783945,1.63,0.09884,1.0,7.491,5822.0,322.8,2
2.732767897,1.42,5.83579,2.0,1.1102,3825.0,613.1,2
12.0077462,3.567,0.993,1.0,2.818,4990.7,2921.0,0
12.2027867,9.74784,0.993,1.0,2.428,6454.0,7070.0,1
3.8949005,2.15693,0.993,1.0,2.171,4718.0,1071.0,1
0.8903331,20.96,0.39491,1.0,2.643,4981.0,134.1,0
4.48758768,1.37,1.01748,1.0,2.874,6060.0,112.0,2
10.56103,2.29,3.8,2.0,3.30605,5731.0,714.1,2
4.2318085,7.88895,0.993,1.0,2.558,8064.0,1780.0,0
5.4454541,7.92255,0.993,1.0,3.41,5684.0,5731.0,1
2.4826619,0.8,0.75005,1.0,2.115,6356.0,37.0,0
2.500285,64.215,0.993,0.0,3.30605,6051.0,714.1,1
4.093578461,2.85,0.17115,2.0,2.5833,6077.0,538.6,2
6.5011256,3.567,0.993,1.0,5.442,5485.0,4370.0,1
1.314437,3.09990986,0.993,0.0,3.30605,6009.0,714.1,1
17.0180939,14.5502,0.993,1.0,4.558,5782.0,13730.0,1
11.03571773,70.42,0.95744,1.0,5.62958,6201.0,144960.0,0
6.0879495,12.8134,0.993,1.0,1.639,3971.0,26720.0,1
1.7359447,1.89,0.993,0.0,3.30605,5354.0,0.043,1
11.63344,9.52763359,0.993,1.0,3.30605,5537.0,714.1,2
9.9444971,11.3375,0.993,1.0,3.171,6576.0,3078.0,1
0.558841234,1.33,8.80443,1.0,0.7918,5151.0,280.9,2
2.174769,1.7,0.993,1.0,3.30605,5726.0,714.1,2
15.3050693,10.4166,0.993,1.0,3.872,5370.0,770.0,0
1.759276227,40.79,0.27663,1.0,3.19585,6656.0,32091.0,0
3.44928111,1.23,6.48403,1.0,1.424,5119.0,237.0,1
703.79367,1.860295,0.993,1.0,2.9297301,4709.0,601.9566843,1
11.12366,1.8,0.993,0.0,3.30605,5726.0,0.0427,1
3.2337884,15.3732,0.993,1.0,2.102,6065.0,9188.0,1
2.4596079,4.09395,0.993,1.0,2.168,5340.0,2195.0,1
