PERIOD,RADIUS,DENSITY,NUM_PLANETS,DURATION,TEFF,DEPTH
6.146653835,2.8398685,0.993,1.0,1.8522307,4968.0,1219.8107094
5.87672094142,8.02139241,0.993,0.0,3.30605,4111.0,1.01673987
9.49259,3.567,0.993,0.0,3.30605,4645.01,0.4713
13.0518467,17.0183,0.993,1.0,3.333,5268.9,39070.0
151.577009,3.67,77.57838,1.0,2.59,6854.0,467.9
1.138548215,1.45,0.63104,1.0,2.1482,6520.0,66.2
58.4302648,3.45,0.12564,1.0,7.18,4338.0,1849.5
2.5355023,2.7,0.00712,1.0,7.189,6268.0,354.6
4.5808535,12.4319,0.993,1.0,3.488,5528.7,11480.0
149.237142,2.22,85.53641,1.0,2.503,5492.0,772.0
2.2219839,15.4416,0.993,1.0,1.996,7166.8,4394.0
1.463775066,1.2,5.06499,1.0,0.953,6781.0,45.1
1.9410635,11.8231228,0.993,1.0,1.771526,6497.2,4846.7705905
7.5811005,11.5863,0.993,1.0,4.457,6257.6,9830.0
3.6153701,13.6892,0.993,1.0,2.714,5516.0,14305.0
8.07394097,1.59,0.46114,1.0,2.455,3675.0,1056.0
0.422015793,6.69,0.29261,1.0,1.23416,5614.0,1291.9
24.7543849,2.1,2.15857,1.0,3.39,4852.0,593.3
6.581477136,4.56,2.08376,3.0,3.0896,5188.0,2318.9
51.6708185,12.8776,0.993,1.0,3.449,7115.0,4697.0
1.077358008,70.64,0.69569,1.0,3.6713,6100.0,311050.0
2.177846,1.2,0.993,0.0,3.30605,5726.0,714.1
10.08535311,1.45,10.20469,1.0,1.75,5947.0,222.5
23.6223571,1.07,0.50976,1.0,6.852,6144.0,57.0
10.9278415,49.1695,0.993,1.0,2.468,6259.0,2743.0
7.9923268,9.69724,0.993,1.0,2.176,5825.0,5780.0
12.2631,1.87,0.993,0.0,3.30605,5106.0,714.1
11.2320736,7.84543,0.993,1.0,2.549,6234.0,5174.0
571.14302,2.22,3.3174,1.0,10.06,5751.0,531.3
9.10326,26.9344,0.993,1.0,1.928,5467.0,14080.0
15.0447098,1.51,0.6607,2.0,5.823,5798.0,97.9
0.933746709,0.36,0.22026,1.0,3.435,6302.0,18.6
6.146653835,9.33426,0.993,1.0,9.528,5216.0,7525.67
2.9884191,16.3009,0.993,1.0,3.575,6636.0,12890.0
46.969389,7.45,52.01088,1.0,1.944,5401.0,1875.0
6.98541,2.15,0.993,1.0,3.30605,4006.0,714.1
4.267961416,1.42,13.92204,1.0,1.3427,6395.0,127.4
0.50261,6.28067,0.993,1.0,1.127,6941.0,1120.0
5.859935955,2.56,0.80033,3.0,4.0185,6181.0,322.8
13.667809025,0.91,5.06938,1.0,2.7993,5796.0,127.7
2.1863095,10.9791817,0.993,1.0,3.9576915,6728.0,2983.5525823
0.530431,3.567,0.993,0.0,3.30605,5666.31,40.9431
17.279290765,27.66,2.4124,1.0,5.07591,5251.0,164310.0
3.66115536,0.81,0.00602,1.0,14.807,6356.0,34.3
21.6768,2.87,0.993,0.0,3.30605,5726.0,0.0726
2.7557652,14.7906,0.993,1.0,1.889,5726.0,14830.0
3.6610026,13.3480688,0.993,1.0,2.6047415,5271.0,18701.4218317
60.0,8.74,0.993,4.0,3.30605,5726.0,714.1
1.9784368,22.5379,0.993,1.0,2.359,6337.0,39470.0
12.9281223,9.974436,0.993,1.0,3.9850989,6332.0,4105.1705253
1.316398648,1.09,5.70342,1.0,1.169,5088.0,182.5
2.17469,1.8,0.993,0.0,3.30605,5726.0,0.0251
7.5801393,11.334,0.993,1.0,5.019,5860.0,3799.0
3.72277264,22.78,0.00368,1.0,15.869,5333.0,1114.6
27.6760342,5.15,3.18892,1.0,4.234,5123.0,266.8
0.783258387,1.28,0.57132,1.0,2.2926,5067.0,328.5
0.381078,4.75,0.993,1.0,3.30605,3879.18,714.1
26.2402438,1.16,6.77994,1.0,3.024,5649.0,174.0
5.014234733,10.63,0.5437,1.0,4.589,6490.0,6536.0
1.8320863,1.361695,0.993,2.0,1.4230143,4368.0,374.0999309
3.56004,2.299,2.8,6.0,3.30605,5356.3,714.1
386.59946,1.89,88.0018,1.0,3.305,6137.0,380.7
0.6803433,8.1888041,0.993,1.0,2.0674164,7325.5,565.5754223
39.0536929,13.5254,0.993,1.0,2.239,3793.0,32970.0
1.1623941,8.21669,0.993,1.0,1.266,5843.7,1099.0
0.948950734,36.87,0.06071,1.0,4.0245,6307.0,2133.0
24.2598301,25.42,0.13419,1.0,3.897,5485.0,1540.3
21.057504,4.29405386,0.993,2.0,3.30605,6321.0,714.1
12.424995,2.06,0.00431,1.0,20.282,6098.0,51.5
21.194733,1.22,0.993,1.0,3.30605,5424.0,714.1
211.54114,1.88,11.70639,1.0,5.4,5433.0,751.0
7.47331,2.74,0.993,1.0,3.30605,5726.0,0.0661
12.283211,2.21,0.993,1.0,3.30605,6222.0,714.1
2.20829637,1.36,0.79495,1.0,2.841,6028.0,87.9
9.7433732,3.567,0.993,1.0,3.747,8582.0,1566.0
24.7104662,6.84115,0.993,1.0,5.259,5876.0,3534.0
0.918510251,1.77,0.26718,1.0,2.587,5837.0,52.6
7.544039,17.47,0.00393,1.0,6.222,5657.0,322.6
20.65614,3.48,1.1,4.0,3.30605,5315.0,714.1
1.4562,3.567,0.993,0.0,3.30605,5726.0,1.65
1.12355,3.49799,0.993,1.0,1.611,5524.0,1020.0
32.332528,3.028709,0.993,1.0,3.459632,3891.0,2425.505189
8.8346147,2.5385619,0.993,1.0,3.0143987,5991.0,646.0966072
2.8862017,1.71911,0.993,1.0,0.487,4269.0,412.0
11.5588657,5.14186,0.993,1.0,2.368,5029.0,4691.0
19.58561177,3.09,1.39703,1.0,1.755,5618.0,532.9
0.379463865,59.56,0.78464,2.0,0.86896,5075.0,1973.3
3.732261,1.09,2.92397,1.0,2.054,5762.0,153.6
1.8932775,21.043,0.993,1.0,3.118,6904.3,3415.0
9.8538051,13.3007,0.993,1.0,4.048,5634.0,14768.0
0.933753371,1.44,0.10134,1.0,4.438,7286.0,47.3
36.109,8.0,0.993,0.0,3.30605,5726.0,0.49
6.3854622,9.57629,0.993,1.0,3.682,5519.0,6720.0
55.6391882,3.13,0.30567,1.0,7.316,5949.0,853.0
25.8616058,1.12,0.07364,1.0,7.78,6067.0,123.0
8.269648,2.12381238,0.993,1.0,3.30605,5704.0,714.1
5.06963,2.49,7.8,1.0,3.30605,5887.0,714.1
17.96832,1.78,0.993,1.0,3.30605,5726.0,0.0915
287.75613,3.4,14.76175,1.0,5.487,4965.0,1987.0
0.8334976,9.0185699,0.993,1.0,1.452144,6071.0,3841.4834968
2.090218,19.2766,0.993,1.0,3.329,6328.0,8180.0
42.032096076,79.17,0.85471,1.0,11.6768,6618.0,391260.0
8.3806973,1.91,1.70818,1.0,3.028,5062.0,650.8
141.00582791,3.567,0.993,1.0,3.0,5726.0,714.1
15.87209,3.49,0.993,1.0,3.30605,5742.0,0.034
16.273563,2.62,0.993,1.0,3.30605,5869.0,714.1
4.175235,12.77,0.993,1.0,3.30605,5726.0,1.3791
8.710442022,3.61,8.43408,1.0,0.9425,5416.0,1196.4
7.0857491,9.46717,0.993,1.0,5.047,5353.0,2227.0
1.52593737,1.39,0.75581,1.0,1.958,6184.0,159.1
3.0749507,1.6050039,0.993,1.0,1.2179384,3246.0,1979.2841401
3.0629783,14.5105081,0.993,1.0,3.0551871,7691.0,4201.1811431
4.264729569,29.95,1.45985,1.0,2.2075,6052.0,22672.0
0.703399912,2.15,9.08068,1.0,0.823,5955.0,531.4
2.3144207,2.71343,0.993,1.0,1.402,3687.0,1720.0
2.896528,1.45,0.993,0.0,3.30605,5726.0,0.3274
7.13969705,2.24,1.0168,1.0,3.981,6014.0,512.9
1.023613,3.567,0.993,0.0,3.30605,6658.58,1.101
153.348739,2.14,0.6781,2.0,12.205,6127.0,388.0
1.3442724,3.567,0.993,1.0,4.6777347,5726.0,44.3806696
0.8165295,4.12435,0.993,1.0,2.294,8911.0,468.0
23.8761144,10.45,0.27909,1.0,9.3113,9974.0,1611.7
8.05428,1.58,0.993,1.0,3.30605,4746.0,714.1
8.7042937,3.59413,0.993,1.0,2.726,5160.9,2130.0
5.7361495,3.567,0.993,1.0,4.718,5668.6,11834.0
356.535835,28.27,1.28518,1.0,5.467,5385.0,3113.0
20.1890396,1.39,0.43345,3.0,6.251,6178.0,112.1
1.111362442,2.86,0.03244,1.0,6.24,6486.0,133.9
7.6188,2.02,0.993,3.0,3.30605,4742.0,714.1
11.1149,14.7645,0.993,1.0,2.26,5042.0,900.0
0.872893,3.567,0.993,0.0,3.30605,5726.0,6.8394
3.548465446,14.92,0.3962,1.0,4.56904,6290.0,7251.5
6.146653835,3.567,0.993,1.0,3.30605,5726.0,714.1
7.35390869,2.29,5.83141,1.0,2.061,6385.0,92.9
9.459993213,51.89,1.43619,1.0,5.3012,5569.0,237600.0
3.8795023,14.0735,0.993,1.0,3.647,6048.0,12260.0
7.4242482,14.2577,0.993,1.0,2.873,5760.0,8060.0
0.539915033,0.82,2.85988,1.0,1.1466,5102.0,97.0
115.230655,4.02,0.00799,2.0,17.735,6585.0,164.4
5.6392638,14.2003,0.993,1.0,4.436,5904.0,7320.0
5.65690281,0.74,1.05642,1.0,3.583,5687.0,32.2
8.2686298,15.9425,0.993,1.0,4.906,6275.0,3650.0
0.445275074,1.21,0.27529,1.0,2.276,5346.0,254.7
10.115,1.1,0.993,3.0,3.30605,3420.0,0.065
5.1699026,9.23587,0.993,0.0,3.30605,6283.4,0.311
31.97280045,5.88,0.26268,1.0,4.9,6340.0,2236.4
1.400903699,1.16,16.78877,1.0,0.883,6375.0,136.5
365.61087,4.42,0.06782,2.0,16.102,6060.0,1116.0
372.72688,3.52,0.15174,1.0,12.751,6148.0,331.7
32.291901,5.1460938,0.993,1.0,8.0916468,6013.0,1517.2139238
2.3929801,1.6929049,0.993,2.0,1.693426,3975.0,570.9865376
384.02570682,3.567,0.993,1.0,14.56,5726.0,714.1
3.58273837,1.64,8.75587,1.0,1.523,5448.0,360.5
8.0637954,9.29431,0.993,2.0,0.804,5053.0,2301.0
1.604607,3.567,0.993,1.0,2.2761218,5780.0,16676.380058
381.782641,55.75,0.34243,1.0,4.52,6056.0,367.6
369.73011,1.66,1.09829,1.0,14.27,6283.0,274.8
7.7898378,9.36784,0.993,1.0,3.095,5091.5,11390.0
9.4907638,1.05,3.38734,4.0,2.713,5290.0,197.4
5.357409918,124.05,1.35904,1.0,4.28582,5768.0,199160.0
19.7112002,9.99929,0.993,1.0,5.452,6636.0,4150.0
2.908454772,40.85,1.3993,1.0,2.6005,5631.0,64325.0
3.51295674,1.1,0.70464,1.0,3.06,6453.0,83.1
7.23524221,0.82,3.06646,5.0,2.685,5574.0,60.0
3.3626798,14.2118,0.993,1.0,3.771,6165.0,11000.0
5.40484,2.46,0.993,6.0,3.30605,5283.0,714.1
8.74809,3.83,0.993,1.0,3.30605,5726.0,0.1449
8.36926,4.48,0.993,1.0,3.30605,3866.0,714.1
0.73452496,3.567,0.993,1.0,6.7,5726.0,714.1
2.23294,15.959056,0.993,1.0,2.032,4814.0,16930.0
3.06026014,0.83,0.66724,1.0,2.545,5878.0,59.9
21.05683,4.05,0.993,2.0,3.30605,6498.0,0.0992
0.56683399,3.567,0.993,2.0,0.75,5726.0,714.1
1.381257093,1.1,6.98068,1.0,1.125,5861.0,92.3
8.32801,2.16480482,0.993,2.0,3.30605,5231.0,714.1
0.844786082,35.27,0.08845,1.0,3.5289,5705.0,2468.5
2.40541,2.0045261,0.993,1.0,1.608779,3768.0,1279.2023438
6.146653835,8.2623708,0.993,1.0,6.1121177,5776.0,3186.7847252
2.696354974,80.71,0.4421,1.0,5.39585,6472.0,245990.0
1.81449,27.0,0.993,0.0,3.30605,5614.0,714.1
7.2929891,0.73,0.94788,2.0,4.053,5959.0,72.5
1.1256838,10.2362,0.993,1.0,1.773,7433.0,3620.0
8.493027,20.982,0.993,1.0,3.733,6287.0,20750.0
282.0309,3.22,0.68607,1.0,14.69,6343.0,782.0
3.2149937,0.9044272,0.993,1.0,0.7022664,3106.0,1438.82974
1.501760172,90.92,0.28491,1.0,5.85519,6327.0,387900.0
388.03884851,3.567,0.993,1.0,4.44,5726.0,714.1
2.161583501,29.61,0.28774,1.0,4.0537,5888.0,50163.0
184.883155,2.82,51.16256,1.0,3.025,5620.0,304.1
17.7259,23.4,0.993,0.0,3.30605,5726.0,0.3338
0.924821319,1.1,0.39547,1.0,2.594,6135.0,122.4
3.1393226,15.43,0.993,0.0,3.30605,6283.0,714.1
0.6711626,12.243,0.993,1.0,1.168,5632.0,2330.0
8.2616616,3.30997,0.993,6.0,3.30605,5281.0,0.1343
2.30367952,1.3,0.02996,2.0,3.0898,6191.0,136.4
38.90787517,7.98,2.00529,3.0,4.5271,5779.0,6159.1
10.8484518,2.34,3.54573,2.0,2.9993,4201.0,1675.6
12.720370263,4.75,1.6008,2.0,2.7306,6267.0,1180.1
8.75209691,1.83,6.09386,5.0,2.3742,3731.0,1367.6
25.0901574,1.35,0.02001,2.0,8.273,6033.0,37.7
1.89124187,0.93,0.18915,1.0,4.415,5285.0,105.8
6.67196,1.697,0.993,2.0,3.30605,5726.0,0.0788
7.4832824,12.264,0.993,1.0,3.802,5306.0,12910.0
2.58166013,3.567,0.993,0.0,3.30605,4998.0,0.499
6.0671557,6.40583,0.993,1.0,2.12,5737.0,2080.0
3.388887193,10.72,2.13082,1.0,2.4475,5780.0,11268.0
3.6366231,12.4438,0.993,1.0,3.385,5978.0,8385.0
6.5587386,2.56709,0.993,1.0,2.196,4337.0,1396.0
20.523,1.8,0.993,2.0,3.30605,3810.0,0.098
2.27190723,1.12,0.05337,1.0,5.383,5788.0,149.0
3.9589903,20.2505,0.993,1.0,3.5,6551.0,13190.0
197.5111484,9.52,0.36069,3.0,11.106,5616.0,2575.6
11.90727,4.51,0.94,3.0,3.30605,5390.0,714.1
2.6834113,2.33576,0.993,1.0,1.146,5221.0,760.0
2.80944,3.567,0.993,1.0,3.151,4968.3,1606.43
11.1199028,2.08,0.94776,1.0,3.3759,5078.0,636.3
3.4843,3.567,0.993,1.0,3.30605,3204.0,0.66
14.759287,6.18,0.993,1.0,3.30605,5880.0,714.1
9.6742544,11.7179,0.993,1.0,6.594,6803.0,2923.0
2.105238039,75.1,0.18096,1.0,5.23595,5947.0,94675.0
20.885075,4.05,0.993,2.0,3.30605,5071.0,0.231
1.8554,3.567,0.993,0.0,3.30605,4990.0,0.0775
6.216994,7.46488,0.993,1.0,2.759,6304.0,2060.0
14.7126653,2.08605,0.993,1.0,3.56,6156.0,305.0
4.2254748,7.6400361,0.993,1.0,4.8390265,5729.0,1577.257225
495.51899,2.94,49.11715,1.0,3.592,6043.0,297.6
3.95383243,3.567,0.993,2.0,2.37,5726.0,714.1
4.85018974,1.1,0.00445,1.0,5.676,6032.0,64.5
1.3697115,20.6045,0.993,1.0,1.951,7321.3,3867.0
105.6552651,4.22,0.96789,3.0,9.39,5741.0,1366.9
5.8176452,11.6459,0.993,1.0,3.30605,5633.4,0.9178
362.13187,2.23,14.81161,1.0,5.59,5176.0,849.0
0.593274,3.567,0.993,0.0,3.30605,5557.0,63.6988
6.09747233,2.22,1.32778,3.0,3.431,5661.0,217.6
14.0498182,1.45,2.93196,1.0,2.907,4228.0,472.0
27.47083,3.36,0.993,0.0,3.30605,4947.03,0.15
4.64090031,30.09,0.00218,1.0,35.512,6463.0,2450.6
17.6062701,1.72,0.04774,2.0,6.134,5808.0,146.2
9.2271917,9.80232,0.993,1.0,3.781,5899.0,5540.0
18.36974658,3.58,0.4924,4.0,2.939,5244.0,1143.3
3.4363074,14.7953,0.993,1.0,2.861,5213.0,27910.0
1.6031794,3.567,0.00864,1.0,0.91,5726.0,714.1
5.26640614,38.05,0.84883,1.0,3.6163,5916.0,59294.0
2.503415,3.567,0.993,1.0,3.416,5726.0,1877.0
2.45840745,3.567,0.993,0.0,3.30605,5528.0,0.063
13.853487,3.567,0.993,3.0,3.30605,3919.0,714.1
5.8492379,1.18919,0.993,2.0,3.257,6461.8,109.0
0.5474737,10.9219,0.993,1.0,1.789,5073.0,1430.0
5.03505665,1.63,0.63958,4.0,1.804,5888.0,151.5
1.466473,3.567,0.993,0.0,3.30605,4570.0,33.5755
2.4732088,15.4982,0.993,1.0,2.244,6643.0,2740.0
369.0,4.92,0.55,6.0,3.30605,6320.0,714.1
5.88350251,1.27,2.52639,1.0,2.556,5840.0,217.7
4.05325447,1668.79,33.23987,1.0,4.0116,6022.0,110920.0
47.189437,66.71,0.93885,1.0,11.555,5458.0,370870.0
4.22865217,1.83,1.00597,4.0,3.3275,5966.0,150.0
1.566528935,49.66,0.56499,1.0,3.2593,5883.0,92511.0
12.36564669,24.89,0.02384,1.0,3.644,6075.0,388.4
0.536869783,1.81,0.09772,1.0,4.164,6495.0,221.7
3.2891219,15.1457,0.993,1.0,2.948,6947.0,8100.0
4.4274169,19.9341,0.993,1.0,5.435,6812.0,10600.0
0.631106722,0.63,5.34015,1.0,0.9942,5400.0,49.2
30.2004765,2.6056,0.993,1.0,4.517,6004.0,520.0
1.324292,3.567,0.993,0.0,3.30605,7114.0,24.9317
1.8286961,21.4433,0.993,1.0,3.37,6046.3,7283.0
2.2091186,20.0456418,0.993,1.0,3.2100502,6876.0,11835.254258
2.2284671,10.9560053,0.993,1.0,1.5708912,5156.0,15402.4299594
2.97586085,0.85,0.28086,1.0,4.513,5481.0,105.9
86.13201864,3.567,0.993,3.0,3.11,5726.0,714.1
13.8911152,1.12,0.9017,1.0,5.062,5472.0,204.9
24.13861,10.22,0.993,4.0,3.30605,4970.0,0.5
3.34465934,1.17,0.02504,1.0,10.796,5966.0,57.6
0.8818115,9.47171,0.993,1.0,1.558,6571.0,2067.0
7.28116,1.79,0.993,0.0,3.30605,3726.0,714.1
2.5693728,2.18392,0.993,2.0,2.471,6156.0,290.0
8.48039789,1.71,0.20911,1.0,6.249,5401.0,259.7
345.98207283,3.567,0.993,3.0,2.97,5726.0,714.1
15.99560373,1.04,3.31831,3.0,3.471,4955.0,221.7
28.297207229,54.15,1.55334,1.0,3.94247,6327.0,23193.0
0.565713361,0.81,5.35806,1.0,0.954,5220.0,86.4
1.52317871,3.567,0.993,0.0,3.30605,5735.72,0.734
6.6210878,9.48332,0.993,1.0,2.297,4790.0,13071.0
358.96247,2.37,0.1891,1.0,23.49,5743.0,670.8
1.634614356,44.22,0.1674,1.0,3.4422,6121.0,19762.0
1.3934565,3.567,0.993,1.0,2.809,3301.0,2530.0
6.2095391,30.47,2.2107,1.0,2.752,3861.0,47.9
0.912351255,1.46,0.30618,2.0,1.072,5481.0,111.8
5.48923,11.8401,0.993,1.0,3.29,6004.0,910.0
38.505224,2.45,0.76267,1.0,5.941,5974.0,695.2
7.80905,2.79,0.993,2.0,3.30605,5726.0,0.052
21.78769087,71.95,0.02901,1.0,4.498,5627.0,507.7
15.196,4.96345,0.993,1.0,1.792,5807.0,1970.0
326.370361,22.6,21.33104,1.0,4.526,5188.0,568.8
3.27109,1.53899305,0.993,1.0,3.30605,5288.0,0.0252
1.930451347,58.77,0.27209,1.0,3.87956,6154.0,53075.0
22.8245144,3.36,0.62132,2.0,6.617,6642.0,322.7
4.377339,31.9,0.993,0.0,3.30605,5726.0,3.3397
1.921111,3.23,0.993,1.0,3.30605,5726.0,0.1967
5.57739,0.75,0.993,4.0,3.30605,3497.0,714.1
8.438756,2.34,0.993,2.0,3.30605,4812.0,714.1
1.3797091,22.2329,0.993,1.0,2.352,5924.0,1320.0
185.53285,28.39,0.00113,1.0,31.46,5817.0,877.0
4.19577385,3.02,2.46352,1.0,2.1557,5229.0,874.2
7.51854537,1.42,2.8135,2.0,2.845,5064.0,286.7
3.6001959,16.1928,0.993,1.0,2.887,7172.0,7820.0
148.272013,4.3,2.95931,3.0,4.192,5717.0,1707.4
1.288312,3.567,0.993,0.0,3.30605,3412.0,24.1729
2.189090653,23.25,0.0155,1.0,5.2094,5401.0,1027.1
5.7459996,3.567,0.993,1.0,3.30605,3348.0,714.1
91.078624,3.26,0.08704,1.0,10.304,5915.0,738.6
3.2292942,3.567,0.993,1.0,2.47,5726.0,10130.0
12.85755895,1.23,0.5859,1.0,4.831,5860.0,106.5
2.484193,14.23543,0.649,1.0,3.30605,6100.0,714.1
17.9661374,11.3217,0.993,1.0,3.791,6891.0,3183.0
12.4260454,2.64,0.00047,2.0,27.7691,5645.0,582.1
1.422647,1.45,0.993,2.0,3.30605,4953.0,714.1
2.633852528,1.38,2.65689,2.0,2.0206,5114.0,259.8
588.8,3.567,0.993,4.0,3.30605,5552.0,714.1
5.0800579,3.95,0.15353,1.0,5.207,6049.0,222.8
6.146653835,3.4610442,0.993,1.0,6.7940415,5134.0,1885.160909
15.3004892,2.3968761,0.993,1.0,3.1952319,4082.0,1265.2897827
0.679336747,1.4,3.18974,1.0,1.2188,5440.0,240.7
4.420983,3.567,0.993,1.0,4.083,5726.0,3980.0
2.54427583,3.567,0.993,0.0,3.30605,8188.0,0.012
26.4837,1.98,0.993,0.0,3.30605,5726.0,0.0201
4.9486116,10.6945832,0.993,1.0,1.3297363,5524.0,6987.092161
3.13295351,1.39,2.49482,4.0,2.2207,5016.0,435.2
393.946106,18.07,0.74864,1.0,6.012,4888.0,747.5
2.17291055,0.93,1.57827,1.0,2.139,6164.0,76.4
8.00504749,1.52,1.91099,3.0,3.32,6398.0,187.5
31.3351094,1.99,0.46086,1.0,6.071,6404.0,264.9
0.3828485,13.7767,0.993,1.0,0.493,6419.6,960.0
10.7769944,1.15,5.23259,1.0,2.616,5455.0,185.6
1.882213,3.567,0.993,0.0,3.30605,6590.0,0.5678
6.0683318,2.1199939,0.993,1.0,1.9825707,3668.0,1742.7332385
13.45913,7.68909,0.993,1.0,3.428,6457.7,2579.32
1.287622419,0.87,4.01821,1.0,0.821,6170.0,36.5
5.9685742,6.64236,0.993,1.0,2.059,10390.0,340.0
14.13519,9.82212,0.993,1.0,2.273,6466.0,3863.0
70.516233809,52.74,29.36026,1.0,4.09296,5511.0,330180.0
1.613014741,157.33,0.35287,1.0,4.39594,7832.0,152120.0
26.0841212,1.35,0.98135,1.0,6.141,6083.0,259.7
0.758082,10.1273702,0.993,1.0,1.8184632,9917.0,583.93181
4.85819429,2.04,0.27305,1.0,5.356,6109.0,76.3
12.28351275,74.76,0.0338,1.0,3.634,6171.0,597.8
27.242808,93.0,0.993,0.0,3.30605,5726.0,3.7137
24.1399,9.72939525,1.2,4.0,3.30605,5050.0,714.1
1.71051215,1.04,6.93571,1.0,1.284,5925.0,42.2
6.1954595,1.37,0.98545,5.0,2.952,5001.0,296.4
0.928310036,1.16,4.74015,1.0,1.1899,4109.0,376.2
14.62709685,2.7,0.11063,4.0,4.097,5527.0,396.4
33.5107,2.14,0.993,0.0,3.30605,5683.0,714.1
3.1405783,11.93,0.993,1.0,1.574,5636.0,8570.0
35.621,1.89,0.993,1.0,3.30605,5440.0,0.045
6.5859565,5.98453,0.993,1.0,1.553,6353.0,1570.0
383.61248,2.3,1.32625,1.0,12.263,6011.0,619.3
93.006,1.97,39.44068,1.0,2.461,5518.0,125.4
0.93376962,16.3,0.03366,1.0,7.023,6056.0,125.8
1.7590566,20.9577864,0.993,1.0,3.5349264,6250.0,10499.9757194
43.8418559,9.29872,0.993,1.0,4.599,5767.0,4630.0
22.4098677,0.73,2.18291,6.0,2.271,4900.0,69.8
282.5363563,70.53,1.06086,1.0,10.3088,6401.0,29233.0
71.3116598,4.94,0.99346,2.0,8.813,6194.0,2138.0
22.2903562,1.13,45.31252,1.0,1.623,5597.0,130.4
1.055785,1.51966184,0.993,0.0,3.30605,4315.0,714.1
7.57193,10.2119,0.993,1.0,2.656,9146.0,420.0
19.7580247,3.80858,0.993,2.0,3.198,9671.0,483.0
10.94026745,2.08,4.08831,1.0,2.3494,5749.0,538.6
0.80858305,3.567,0.993,0.0,3.30605,6151.8,1.022
2.900706,1.3,0.993,2.0,3.30605,4421.98,714.1
8.32727,2.03,0.993,2.0,3.30605,5315.0,0.05325
3.1082514,13.7608011,0.993,1.0,1.5649451,6413.0,5659.4686877
5.7456862,10.8845,0.993,1.0,3.339,5867.3,9441.0
309.19347,3.07,0.21772,1.0,23.51,5504.0,1445.0
3.48754109,0.72,4.34417,1.0,1.811,5252.0,85.1
7.46718958,1.04,0.90781,1.0,3.633,6161.0,75.7
0.963081,2.727644,0.993,1.0,2.378514,8688.0,244.261214
399.37587,3.93,0.22183,1.0,21.25,6098.0,552.2
4.0874138,17.2785,0.993,1.0,2.061,5881.0,7470.0
16.34355902,3.26,0.33885,1.0,5.474,5730.0,829.4
5.42586901,1.48,2.89914,2.0,2.5342,5594.0,259.0
3.711012492,46.24,0.14411,1.0,3.3394,6141.0,7559.8
2.01976,7.3626,0.993,1.0,3.394,7274.6,3963.85
0.98999,3.95137,0.993,1.0,2.05,6208.0,420.0
4.21909,12.0136223,0.993,1.0,4.9314032,5367.0,3393.7752478
162.0479502,11.52,0.82549,1.0,9.8974,6309.0,4840.5
22.50053441,3.567,0.993,1.0,7.44,5726.0,714.1
0.693842661,0.83,1.39599,1.0,1.6197,5457.0,49.3
2.4254068,11.0715,0.993,1.0,3.323,8290.0,1910.0
4.08897299,2.36,0.627,3.0,3.585,5897.0,157.9
51.3283527,3.06,0.31768,1.0,9.357,6119.0,692.3
14.7765802,10.2309,0.993,1.0,4.996,6247.0,4630.0
31.024310431,93.29,0.77724,1.0,7.63621,6011.0,96480.0
5.14072621,19.28,0.0012,1.0,27.24,5751.0,145.6
0.8970559,15.8462774,0.993,1.0,1.7688635,5811.0,2702.7874118
3.1856488,11.2665,0.993,1.0,1.304,6602.0,4750.0
8.6795072,24.132,0.993,1.0,3.628,6057.0,10160.0
68.958447,1.11,3.91,1.0,3.128,5455.0,123.3
5.116834,31.682,0.993,0.0,3.30605,6983.0,714.1
6.7136512,12.5036,0.993,1.0,3.541,6179.1,11490.0
5.62978034,1.61,0.25024,1.0,5.847,5497.0,379.2
12.4262889,1.23,0.00237,1.0,18.764,6246.0,94.2
14.13175309,3.02,0.38335,1.0,4.0136,5616.0,1033.0
1.79217,21.4342,0.993,1.0,1.797,4884.0,1710.0
17.3057923,12.4978402,0.993,1.0,4.1729767,6995.5,2807.066874
1.7617165,1.5510074,0.993,1.0,1.9280724,4732.72,356.4029763
58.5850357,149.98,12.92261,1.0,3.5939,6379.0,75468.0
0.566801506,0.62,0.83543,1.0,1.738,6398.0,29.5
2.6085023,13.8957666,0.993,1.0,1.9206019,7302.0,10431.5892384
0.837491225,1.43,1.31582,2.0,1.796,5676.0,190.4
514.14221,2.98,66.14356,1.0,4.153,5524.0,1491.0
5.2702557,1.6776468,0.993,1.0,2.0186676,4662.0,511.6141762
3.2588321,13.33871,0.53,1.0,3.30605,5358.0,714.1
168.81133,1.69,5.27578,1.0,6.582,4798.0,614.4
4.4716261,17.4958,0.993,1.0,6.451,5972.0,5000.0
0.474811162,1.28,2.08096,1.0,1.169,5799.0,205.2
79.2450351,3.33,4.72989,1.0,5.382,5648.0,1347.3
8.986648,143.0368808,0.993,0.0,3.30605,5265.0,714.1
6.671774,1.92561267,0.993,2.0,3.30605,4636.0,714.1
13.93291548,1.66,0.5853,2.0,2.6239,6026.0,131.6
2.99561,11.99363,0.993,1.0,3.30605,6132.0,0.82
3.8618241,13.3017642,0.993,1.0,3.1764029,11396.0,823.5651883
7.12766417,1.21,3.9606,2.0,2.491,5159.0,229.2
17.04066667,3.567,0.993,0.0,3.30605,6117.37,1.938
22.16127178,69.44,0.40963,1.0,3.699,5893.0,5259.0
1.01530474,64.77,0.05554,1.0,8.7622,6428.0,16445.0
27.0142622,2.0,1.52782,2.0,5.385,5949.0,287.6
3.7942532,11.3603,0.993,1.0,3.769,5753.6,6913.0
5.6089465,2.17,0.993,2.0,3.30605,4326.0,0.0889
2.2715616,3.567,0.993,1.0,2.741,6671.3,8190.0
3.07714195,1.08,0.01102,1.0,3.571,6108.0,34.2
2.6454165,9.47,0.993,0.0,3.30605,5179.0,1.2
27.9040511,2.19,0.26245,7.0,5.346,6325.0,300.2
12.20773,2.34,0.993,1.0,3.30605,5726.0,0.1001
14.786747,3.3,0.993,1.0,3.30605,5726.0,714.1
10.980246199,21.94,1.66524,1.0,3.74464,5952.0,50078.0
4.7729363,12.9614,0.993,1.0,3.344,6269.0,4300.0
85.3162004,6.34,2.61022,3.0,2.7441,6046.0,1902.6
2.31610674,0.7,0.41836,1.0,3.347,6025.0,33.6
9.6952,1.26549392,0.993,1.0,3.30605,5026.0,0.023
12.33087921,2.34,3.9034,2.0,3.0664,5376.0,872.2
4.1812866,15.448,0.993,1.0,4.394,6146.0,4280.0
1.23516416,0.92,0.06073,1.0,4.713,6249.0,64.6
8.865932,2.41012773,0.993,1.0,3.30605,5263.0,714.1
5.5133822,12.462,0.993,1.0,3.601,5785.0,7833.0
7.91951,3.567,0.993,3.0,3.30605,5250.0,714.1
3.693916,0.6501353,0.993,1.0,1.7264201,5235.78,74.807186
5.83393857,1.98,0.41384,4.0,4.5813,5597.0,134.4
8.4134856,20.5106959,0.993,1.0,3.5568334,5786.0,17479.6053306
2.976020742,2.07,0.18167,1.0,3.73,5947.0,114.9
6.4802138,1.26,0.5535,1.0,3.27,5496.0,142.0
3.2856588,12.5808,0.993,1.0,2.384,4898.9,17910.0
460.77905,4.24,0.9198,1.0,15.541,6126.0,239.3
26.737139497,29.28,2.1213,1.0,4.68919,5794.0,53516.0
7.5966998,1.32,0.45848,2.0,3.667,5716.0,127.5
1.09844642,1.73,0.93906,1.0,1.528,6403.0,45.0
3.4977997,9.16409,0.993,1.0,0.475,5209.0,4914.0
1.10223,7.4694027,0.993,1.0,2.598,8747.0,1015.0
2.8894603,13.0354,0.993,1.0,2.561,5604.0,17030.0
0.578657,1.2,0.993,2.0,3.30605,5765.0,714.1
14.8011934,2.44796,0.993,1.0,3.42,6138.6,345.0
2.304583,16.9661,0.993,1.0,3.457,6562.0,10800.0
7.1304113,12.869,0.993,1.0,3.081,6014.0,4490.0
3.0922512,15.731,0.993,1.0,1.936,3661.0,44139.0
2.57134,10.7406,0.993,1.0,3.824,7125.0,920.0
2.7765784,6.07883,0.993,1.0,2.076,4348.2,5710.0
0.546248198,54.23,1.08368,1.0,2.1081,5780.0,114530.0
7.20558084,1.33,1.45432,1.0,2.997,6002.0,58.0
256.52387,1.33,2.94316,1.0,9.07,6348.0,126.1
56.40651043,21.93,0.11621,1.0,18.4332,5011.0,102290.0
20.257,3.22,0.993,2.0,3.30605,6771.0,714.1
0.846291334,30.8,3.07327,1.0,1.79962,4627.0,190190.0
41.88970036,32.16,4.78954,1.0,1.35,5952.0,1304.4
5.093938816,17.19,0.65772,1.0,3.93144,6197.0,25027.0
1.6832809,3.567,0.993,1.0,2.356,5286.9,12430.0
0.566807422,1.13,0.06069,1.0,5.148,5616.0,26.1
3.400858,14.1,0.993,0.0,3.30605,5726.0,0.3404
4.064628,3.567,0.993,1.0,1.304,6876.0,3114.0
21.5962209,9.42089,0.993,1.0,4.511,6012.0,9216.0
20.28281916,22.46,0.00182,1.0,36.048,5043.0,2797.5
2.4218233,1.056,6.45,7.0,3.30605,2559.0,0.687
44.714450094,50.54,2.46828,1.0,5.7615,6185.0,90230.0
3.0327366,19.6858,0.993,1.0,2.548,7124.0,12000.0
22.8827,1.71,0.993,3.0,3.30605,5413.0,714.1
486.12702,1.18,4.01742,2.0,9.495,6008.0,120.6
7.42697378,1.4,1.66158,1.0,3.206,5573.0,205.2
4.465635,14.8,0.993,1.0,3.30605,5726.0,714.1
274.743032,2.16,2.45344,2.0,9.137,6277.0,309.0
0.566802325,1.4,0.72481,1.0,1.842,5233.0,288.4
24.2382519,2.19,2.36072,2.0,2.703,5763.0,465.5
4.02877097,1.21,1.03961,5.0,3.173,6052.0,100.4
323.2575,2.01,0.55408,1.0,17.26,5866.0,286.8
0.428046051,0.87,8.16985,1.0,0.776,5285.0,126.0
37.8404232,1.76,1.18367,3.0,6.408,6243.0,232.6
2.754024,1.68,0.1232,1.0,4.15,6419.0,172.2
88.40678718,4.55,0.28257,3.0,12.3079,5611.0,1724.4
10.217121652,81.1,2.4968,1.0,4.35647,5931.0,205220.0
1.196548464,1.25,4.49591,4.0,1.2592,4999.0,224.6
5.45298742,0.92,0.59143,4.0,2.1328,5450.0,86.0
16.63237,10.7,0.993,0.0,3.30605,3648.0,4.33
4.14451656,1.48,2.87358,2.0,2.3421,4768.0,391.8
1.3847905,11.9783,0.993,1.0,2.657,5596.0,4150.0
0.73772,4.68288,0.993,1.0,1.057,6001.0,980.0
0.645850521,0.69,2.2788,1.0,1.2082,5381.0,54.9
2.8371201,13.1836,0.993,1.0,2.102,5301.0,11560.0
28.64338839,5.82,5.80152,1.0,1.2246,6507.0,624.3
7.2766004,11.5799,0.993,1.0,4.626,6266.0,2440.0
1.17715,3.567,0.993,0.0,3.30605,6390.0,29.4749
12.4246697,168.91,0.00102,2.0,44.07,6550.0,424.0
1.08625,4.65122,0.993,1.0,2.534,5562.6,1110.0
374.514471,139.55,66.062,1.0,6.629,6446.0,440520.0
17.99646148,114.45,1.41651,1.0,4.65638,5684.0,62755.0
2.7636665,5.94208,0.993,1.0,1.279,3868.0,6370.0
1.8361,3.567,0.993,0.0,3.30605,5726.0,0.55
0.512583041,1.07,1.40073,1.0,1.498,6077.0,114.3
10.2682326,11.589,0.993,1.0,1.469,6181.0,4380.0
7.46662068,1.65,1.01679,4.0,3.87,5966.0,120.9
6.840305932,62.08,1.25497,1.0,4.32742,5970.0,124930.0
2.1384533,5.69421,0.993,1.0,1.111,6708.0,1240.0
0.609926502,1.12,2.58243,1.0,1.2529,5936.0,133.8
8.0924283,11.0971,0.993,1.0,2.047,3821.0,21701.0
2.199076661,21.72,0.01187,1.0,6.11,5310.0,777.4
1.245353252,1.48,0.72056,1.0,2.152,5982.0,224.2
809.0141881,14.38,7.79848,1.0,8.3017,6230.0,16311.0
3.93034,14.8838,0.993,1.0,3.667,6292.0,9724.58
24.669192732,77.76,0.74047,2.0,7.03515,5313.0,7382.3
22.342964828,9.99,0.77681,4.0,6.66405,6181.0,5612.8
362.22202,0.96,0.60399,1.0,14.29,6113.0,52.5
16.9356875,3.59731,0.993,1.0,3.256,4758.0,2618.0
0.9277787,13.2413,0.993,1.0,0.997,6123.0,3020.0
27.495634,2.11,0.94603,2.0,4.858,5657.0,483.3
8.5386633,4.04578,0.993,1.0,2.337,5416.1,1730.0
2.171827838,58.56,0.46165,1.0,3.2205,5650.0,42086.0
7.4861705,11.6489,0.993,1.0,2.425,5658.0,9456.0
2.31482311,0.69,2.07146,1.0,2.127,5240.0,58.6
3.4895723,12.9484,0.993,1.0,2.378,4315.0,32560.0
3.6092231,0.68,1.15112,1.0,2.8,6032.0,52.4
11.020153,2.343228,0.993,1.0,3.638535,4407.0,1076.926754
1.680254289,30.88,0.00952,1.0,12.585,6423.0,51633.0
2.1263165,1.7757918,0.993,1.0,2.6285127,6623.0,137.5302097
2.14056,1.83828,0.993,1.0,2.029,4567.0,355.8315803
3.25883164155,12.87148683,0.993,1.0,3.30605,5387.06,2.27432338
13.33386985,3.567,0.993,1.0,6.51,5726.0,714.1
1.2089819,1.577,7.19,3.0,3.30605,4305.0,714.1
13.1689848,11.4366,0.993,1.0,7.607,6282.0,2592.0
13.37935853,6.65,0.00554,1.0,8.809,6739.0,353.5
46.6856205,2.52,1.51087,6.0,6.3794,5657.0,588.8
0.639721284,46.59,1.43235,1.0,2.69771,4794.0,465920.0
9.8788502,2.64,1.1738,2.0,2.951,6477.0,454.7
1.343767797,18.66,0.38116,1.0,1.9405,6324.0,4702.6
318.25858,2.03,34.18729,1.0,4.39,5108.0,756.0
7.53737498,0.93,0.96345,1.0,3.966,6483.0,41.1
3.1748772,8.8,0.01241,1.0,7.089,5116.0,1741.0
4.8292589,13.6377,0.993,1.0,4.084,7035.0,5930.0
3.479425638,12.86,0.63546,1.0,3.4479,5907.0,19550.0
1.4118418,8.14924,0.993,1.0,2.702,7839.6,520.0
283.72675,1.18,0.54767,1.0,15.49,6496.0,84.6
1.2280156,3.2034237,0.993,1.0,1.0677974,5223.0,1316.7462021
36.4337867,2.2,3.49918,2.0,4.388,5566.0,406.8
5.5047275,12.7051,0.993,1.0,4.025,5865.0,7530.0
6.535,3.31,0.993,1.0,3.30605,3861.0,714.1
1.673662758,23.42,0.02982,1.0,2.3135,6444.0,316.4
8.487871809,46.24,1.5291,1.0,4.19829,5553.0,118810.0
6.679224,2.6,0.993,2.0,3.30605,5726.0,714.1
9.13315062,1.48,7.15701,1.0,2.1557,6122.0,231.2
12.2877358,2.09232,0.993,1.0,4.445,6008.62,315.0
8.65311903,0.85,13.95945,1.0,1.273,3929.0,206.8
4.13812,3.567,0.993,1.0,3.911,4898.4,5560.0
8.20023,2.53,0.993,1.0,3.30605,5726.0,0.1007
2.6340964,4.1106,0.993,1.0,3.477,5163.2,2250.0
0.5551606,11.4,0.993,0.0,3.30605,5726.0,0.11
2.7556532,6.4145519,0.993,1.0,3.3967282,4993.0,2854.4589288
5.270733213,37.93,6.31874,1.0,2.7822,4348.0,293640.0
31.707574649,2.96,0.05786,1.0,7.6771,5861.0,787.3
4.02378908,2.24,0.36225,1.0,3.237,7516.0,32.1
5.321224925,40.62,0.15183,1.0,7.48973,5787.0,98872.0
5.4823596,15.2816665,0.993,1.0,4.955098,6243.0,6502.5514222
1.179969562,120.02,0.09137,1.0,1.9745,5500.0,1109.3
6.883,3.567,0.993,0.0,3.30605,4900.0,0.4417
3.70386741,0.86,11.47205,1.0,1.41,5496.0,125.7
8.98128472,7.19,0.63547,1.0,5.0397,5977.0,4924.0
12.8860009,12.0983571,0.993,1.0,5.137673,6126.0,11434.9523427
1.99469354,0.46,0.06326,1.0,5.297,3799.0,75.1
0.789593,1.817,11.2,4.0,3.30605,5576.0,714.1
17.1622587,22.42,0.01361,1.0,4.668,5729.0,312.2
2.69487041,0.97,0.82818,1.0,2.553,5823.0,62.1
9.88047978,23.6,1.31266,1.0,2.78458,6113.0,18541.0
2.8492565,13.9182,0.993,1.0,1.846,4829.0,24100.0
4.3638313,1.08,9.73279,1.0,1.457,5623.0,194.1
111.31980522,63.68,0.1344,1.0,23.0078,5022.0,62705.0
11.6089351,46.44,0.02536,2.0,2.957,6303.0,199.6
7.1931193,1.12,2.16603,2.0,2.935,5518.0,125.6
6.7473822,13.1026,0.993,1.0,2.112,5332.0,14810.0
10.12742274,3.8,18.01787,1.0,1.2762,6392.0,933.5
3.7279887,18.1003,0.993,1.0,3.303,6514.0,13982.0
1.75649346,1.62,0.35428,1.0,3.429,6619.0,27.5
8.3753156,11.1765,0.993,1.0,2.687,6134.6,3994.0
11.20381,2.18,0.993,0.0,3.30605,5726.0,0.0354
6.79143,1.72,0.993,0.0,3.30605,5726.0,0.0739
4.49686066,1.93,8.23637,2.0,1.7306,3698.0,1932.5
0.571292,1.52,13.1,2.0,3.30605,5470.0,714.1
0.799868354,34.7,0.07832,1.0,6.613,5568.0,4928.8
191.03728,3.54,38.12694,1.0,3.595,5440.0,1607.0
3.7817383,12.4392846,0.993,1.0,2.4092233,4833.0,18870.7216253
367.947848,3.72,5.58716,1.0,4.249,5570.0,1301.0
23.6270348,21.71,0.02401,1.0,11.481,5305.0,8433.0
1.5525382,16.0284,0.993,1.0,1.49,5730.0,7123.0
4.045057186,30.33,0.03235,1.0,2.9954,5906.0,752.7
6.413766,3.03,0.993,1.0,3.30605,3560.0,714.1
23.67513153,2.76,0.48621,1.0,4.647,5309.0,980.4
6.569188,13.56286665,0.66,1.0,3.30605,5585.0,1.557
0.942997994,1.56,5.22995,1.0,1.1658,4499.0,539.2
10.30148508,1.6,1.10023,3.0,3.903,5887.0,162.7
19.7830259,2.1,1.06272,2.0,5.4898,5747.0,373.2
110.75214125,3.567,0.993,1.0,2.09,5726.0,714.1
1.59295975,1.48,1.95342,3.0,1.9313,5779.0,248.3
7.2218817,13.5058,0.993,1.0,2.116,6172.8,8080.0
444.89411,4.7,6.90786,1.0,7.937,6195.0,363.0
363.35755,3.45,0.41216,1.0,19.85,5086.0,395.3
10.55369,2.72,0.993,0.0,3.30605,5726.0,0.0906
3.29163,1.17,0.993,0.0,3.30605,5726.0,0.0394
4.3239329,1.5008877,0.993,1.0,1.5783127,3782.0,977.2224915
6.77449545,29.41,0.04788,1.0,2.5416,6517.0,481.9
9.948701373,29.19,0.162,1.0,3.2922,5152.0,2749.5
47.14404783,3.567,0.993,2.0,4.35,5726.0,714.1
4.6011828,13.7898,0.993,1.0,3.476,6183.0,11320.0
5.06347,2.32,0.993,2.0,3.30605,5726.0,0.0993
14.9502738,15.1651,0.993,1.0,4.464,5068.0,8070.0
0.839961456,1.63,2.14991,1.0,1.3008,4932.0,492.9
7.014001,3.6528621,0.993,2.0,2.9681334,4975.0,1646.6732684
3.14735789,3.45,0.56522,1.0,3.643,5189.0,51.8
24.714790706,112.24,3.86751,1.0,5.06776,6300.0,208730.0
38.036729482,27.5,6.21385,1.0,4.34617,5575.0,82872.0
1.47623061,0.71,1.23531,1.0,2.032,6325.0,39.1
0.7522775,6.75509,0.993,1.0,1.073,7325.2,1301.0
8.2942929,0.65,1.13386,3.0,3.976,5843.0,36.8
16.00351679,18.01,0.03907,1.0,4.001,5283.0,668.3
3.8978437,13.8047,0.993,1.0,3.523,6280.0,14344.0
10.6895417,3.7848,0.993,1.0,3.6496675,6255.0,643.3958437
93.803766,2.05,15.99131,5.0,2.946,5559.0,460.1
27.677680103,14.41,6.23786,1.0,2.1704,6075.0,11545.0
0.571940563,1.88,1.78062,1.0,0.9031,5827.0,54.3
96.509214,860.3,530.2594,1.0,0.589,7343.0,1528.0
345.7671,2.5,0.65563,1.0,15.38,5845.0,212.7
222.06409878,3.567,0.993,1.0,2.89,5726.0,714.1
0.7428708,7.86186,0.993,1.0,1.112,5635.9,4970.0
102.300622,35.36,0.55153,1.0,4.473,4895.0,781.2
14.786,3.567,0.993,1.0,3.30605,5576.0,0.1334
111.741576,6.88,17.40561,1.0,3.83,5267.0,238.8
9.32867952,1.62,21.27922,2.0,1.572,5749.0,354.4
44.55612,3.567,0.993,3.0,3.30605,3920.0,714.1
12.3900547,9.88852,0.993,1.0,5.787,6824.2,6904.0
3.0436916,3.567,0.993,1.0,2.414,5726.0,8182.0
7.5861587,1.07,0.12503,1.0,4.32,5934.0,116.8
0.566801617,0.88,0.20292,1.0,2.75,6287.0,24.9
14.40090414,2.71,0.25256,2.0,4.1682,5815.0,379.6
4.7150255,17.6148,0.993,1.0,3.302,5756.9,4566.0
6.71969089,4.37,0.09306,1.0,3.0231,5931.0,969.7
3.8098324,10.3911,0.993,1.0,3.881,5406.0,3250.0
2.97600846,2.27,0.12518,1.0,4.274,6208.0,103.2
3.74782314,25.59,0.00709,1.0,5.133,6161.0,423.4
1.5136003,8.3090193,0.993,1.0,2.4400695,6017.0,745.1393405
145.786556,1.82,10.79183,1.0,4.891,5578.0,378.0
75.8781344,3.39,103.45199,1.0,1.383,5579.0,1054.0
16.197201,1.89069587,0.993,2.0,3.30605,4636.0,714.1
5.50860699,1.49,0.21388,1.0,3.0788,5448.0,203.9
4.13827684,1.13,0.57705,2.0,3.449,5758.0,63.8
5.8497196,2.71286,0.993,1.0,3.458,6009.6,507.0
376.934014,2.13,19.30337,1.0,4.28,6074.0,382.4
12.2740928,12.7514,0.993,1.0,3.532,5674.0,14450.0
2.244541,13.6382,0.993,1.0,2.1,5455.0,17150.0
44.13,3.567,0.993,0.0,3.30605,4865.94,0.0427
3.3894889,6.16071,0.993,1.0,2.372,5657.3,3650.0
6.07972016,2.32,0.1057,1.0,7.1228,5460.0,290.8
44.433726,1.85,0.83838,4.0,6.118,5596.0,239.6
14.443127448,92.28,0.13901,1.0,8.33598,5757.0,41685.0
21.86965714,1.51,0.65917,3.0,5.5177,6214.0,125.5
6.293099,2.262,0.993,1.0,3.30605,4213.0,714.1
17.035203,53.0,0.993,0.0,3.30605,5726.0,2.208
14.220246,3.567,0.993,0.0,3.30605,6130.0,10.1983
0.59812,3.567,0.993,0.0,3.30605,4142.0,10.8294
30.8278245,2.42,3.71889,1.0,4.214,5982.0,641.3
10.366,3.567,0.993,1.0,3.30605,3675.0,0.124
24.3681,2.363,4.3,3.0,3.30605,4796.0,714.1
1.4252334,10.7664,0.993,1.0,1.673,6033.0,6901.0
4.169783,2.5,0.993,2.0,3.30605,5499.0,714.1
6.8242909,2.23971,0.993,1.0,2.787,3999.0,700.0
11.7512673,17.4049,0.993,1.0,2.143,6571.0,7683.0
87.140633,3.567,0.00107,1.0,18.11,5726.0,714.1
1.450889836,1.21,2.0073,1.0,1.753,6046.0,135.7
3.4940194,3.567,0.993,1.0,2.014,5726.0,8323.0
4.2605739,15.3220568,0.993,1.0,2.5821706,5457.0,20069.2666289
8.46354384,2.51,21.96374,1.0,1.4078,5427.0,792.2
10.90962154,149.1,0.07569,1.0,17.8024,5323.0,499920.0
9.32,1.43,0.993,0.0,3.30605,4408.0,0.109
2.2664085,13.4164,0.993,1.0,2.63,6107.0,10240.0
2.9406027,10.835,0.993,1.0,1.167,5464.2,9820.0
310.61299,3.04,160.76332,1.0,2.562,6063.0,920.0
29.62682,3.20569097,0.993,2.0,3.30605,5569.0,714.1
26.83771808,12.68,12.9281,1.0,1.6162,6194.0,8512.0
11.39102358,1.67,2.839,2.0,2.303,4983.0,448.6
1.4198659,2.2822776,0.993,1.0,1.3058497,5406.0,465.2106205
15.386796,2.1,0.993,1.0,3.30605,5726.0,714.1
0.95017067,3.567,0.993,0.0,3.30605,5339.0,0.088
8.04727721,2.33,0.03752,1.0,5.159,5840.0,486.0
16.60973843,6.64,0.0381,1.0,4.515,5238.0,667.8
16.54295261,2.31,2.2311,1.0,3.8516,5215.0,726.0
6.146653835,3.567,0.993,1.0,3.30605,5726.0,714.1
13.7432169,25.7481,0.993,1.0,2.73,5941.5,5046.0
2.0849517,4.65169,0.993,1.0,3.099,6163.0,2380.0
5.6309047,7.00844,0.993,1.0,3.877,5304.0,1683.0
11.57958162,3.567,0.993,2.0,2.47,5726.0,714.1
8.358,3.567,0.993,1.0,3.30605,5627.0,0.0515
5.830149,2.70505,0.993,1.0,2.618,4451.0,1310.0
3.25058201,1.19,1.02264,5.0,2.2537,5001.0,218.4
2.3240489,33.4,0.993,0.0,3.30605,5107.0,15.4
9.892240848,40.38,0.12921,1.0,4.1774,6225.0,5283.2
7.3136902,10.3927,0.993,1.0,5.53,5654.0,1480.0
4.07337,0.928,0.993,0.0,3.30605,5726.0,0.0125
19.491965,6.8,0.993,1.0,3.30605,6320.0,0.1777
11.8993,4.1,0.993,3.0,3.30605,5322.0,714.1
8.8164887,1.28915,0.993,1.0,3.895,5502.5,170.0
528.10984,0.77,0.70968,1.0,18.01,5618.0,89.8
21.169619,2.2,0.993,1.0,3.30605,3880.0,714.1
42.363493,5.59,0.993,2.0,3.30605,5071.0,0.44
5.197420145,81.49,0.18581,1.0,6.78534,6248.0,91307.0
0.88958,3.8492,0.993,1.0,1.844,5586.2,1240.0
643.4528,2.03,6.71109,1.0,9.346,5649.0,585.1
716.3497402,2.90826,0.993,1.0,3.612,5645.84,867.0
3.120828136,14.16,1.37644,1.0,2.1878,6122.0,16456.0
17.3816224,26.55,8.16226,1.0,2.73456,6116.0,59099.0
14.6134781,1.12,0.85547,2.0,5.266,6194.0,72.8
4.618309224,25.43,0.03078,1.0,3.6752,5452.0,1191.0
7.4185369,0.81,20.62144,1.0,1.451,9763.0,14.7
2.800111267,2.13,5.75791,1.0,1.0237,4786.0,706.7
11.835079,2.5354,0.993,1.0,2.094,6225.0,336.0
250.23760741,3.567,0.993,1.0,16.58,5726.0,714.1
222.84909312,3.567,0.993,1.0,2.43,5726.0,714.1
14.786889,3.95,0.993,1.0,3.30605,5817.0,714.1
19.97867,6.85,0.01637,1.0,10.168,9651.0,944.3
7.112134,2.7,0.993,0.0,3.30605,5800.0,0.0553
4.34195312,0.94,2.10125,2.0,2.598,6164.0,73.3
53.5,9.97599282,1.79,4.0,3.30605,4941.0,714.1
7.57299816,0.53,2.6673,2.0,2.645,5495.0,30.2
0.624677585,1.28,0.30788,1.0,2.411,9653.0,37.3
4.6285493,12.8401,0.993,1.0,2.844,6007.0,15300.0
9.81881482,3.567,0.993,0.0,3.30605,3463.0,0.285
0.85450941,0.35,0.13627,1.0,3.723,5922.0,13.7
0.541396363,2.04,0.41117,1.0,2.384,7118.0,181.0
519.80221867,40.88,1.42609,1.0,14.9678,5310.0,77183.0
376.554588,2.0,103.18423,1.0,3.182,5926.0,481.0
6340.0,12.8,0.993,0.0,3.30605,4800.0,714.1
12.426,3.567,0.993,0.0,3.30605,5926.0,0.0431
6.77408984,2.5,3.37561,1.0,2.6215,6246.0,520.3
4.0668104,15.0245,0.993,1.0,2.988,5496.0,19690.0
5.5451661,1.9448048,0.993,1.0,2.2293365,5643.0,439.0185686
333.71634048,3.53,26.18914,1.0,4.8236,6045.0,420.2
2.819453322,29.8,0.41976,1.0,4.4127,5767.0,71867.0
19.8067259,4.46533,0.993,1.0,4.5,5513.0,2060.0
17.6604653,1.76,2.73076,1.0,2.837,5910.0,309.2
2.2165905,0.48,6.5333,2.0,1.0,5397.0,28.7
7.6316525,15.8297,0.993,1.0,3.452,5655.0,30467.0
21.5615248,7.76454,0.993,1.0,5.73,5644.0,3600.0
4.190948,1.67866113,0.993,1.0,3.30605,5582.0,714.1
5.29730786,1.49,0.24591,1.0,4.02,5780.0,190.8
16.995848,1.6,0.993,1.0,3.30605,5726.0,714.1
3.722158895,2.33,2.03406,1.0,1.9941,5617.0,757.4
4.13443512,2.77,0.37377,3.0,3.1402,6046.0,686.0
20.5498184,4.04,0.54048,6.0,5.5484,5688.0,1564.3
144.102562,1.67,59.67572,3.0,2.753,6528.0,171.3
35.5969684,3.72,0.13057,1.0,6.691,6212.0,684.5
7.50790041,1.77,0.08891,1.0,5.646,6408.0,145.0
0.91849333,0.93,0.54792,1.0,2.399,6469.0,58.7
4.150297119,3.03,0.87263,1.0,1.2058,5290.0,593.4
1.2680452,2.24707,0.993,1.0,1.027,5477.0,538.0
56.4349933,2.37,4.77055,1.0,4.7381,5534.0,580.0
1.8461222,19.5,0.993,0.0,3.30605,7536.0,0.965
3.665912,1.37,0.993,3.0,3.30605,5791.0,714.1
3.2063107,20.2776,0.993,1.0,2.8362399,5286.9,6909.9609504
24.4232697,11.2009,0.993,1.0,3.788,6102.0,1920.0
11.24284815,1.44,0.81171,5.0,4.241,6052.0,136.0
25.95193721,123.34,0.20911,1.0,15.9897,6569.0,399170.0
2.2021868,56.5,0.993,0.0,3.30605,5695.0,29.2
41.0081117,2.64,0.67537,2.0,4.376,5303.0,1004.5
8.66698,27.4804,0.993,1.0,6.104,6322.2,9854.3
18.24841,12.48,0.993,2.0,3.30605,5726.0,0.193
8.95294046,0.86,0.99211,1.0,2.995,6047.0,44.0
40.24649897,97.54,3.04889,2.0,6.0203,6594.0,159410.0
14.797219157,47.71,0.88484,1.0,7.61037,6343.0,252700.0
5.2019364,9.64178,0.993,1.0,2.994,6111.0,5830.0
3.2420704,12.4447,0.993,1.0,2.535,5570.7,10600.0
2.56658897,1.59,0.48909,3.0,2.429,6046.0,226.5
3.773744,2.44,0.00199,1.0,15.2,7302.0,85.2
20.413812,16.5,0.01321,1.0,5.806,5514.0,496.4
9.089355023,68.91,0.4397,1.0,6.4006,7675.0,101480.0
13.8394,1.29,0.993,1.0,3.30605,5726.0,0.0487
343.49816,1.27,6.09998,1.0,7.46,4256.0,431.0
21.05647572,5.05,8.65268,1.0,1.238,6156.0,1293.6
3.1539313,15.5528,0.993,1.0,4.023,6610.0,14772.0
8.17242644,3.29,0.11427,1.0,3.902,5705.0,864.3
3.796383639,0.71,0.02547,2.0,8.6711,6017.0,31.1
37.078668,0.8,2.44012,1.0,4.403,5120.0,147.4
2.8090597,12.0828,0.993,1.0,3.24,5852.0,6430.0
69.089357,1.47,2.57178,1.0,6.207,4848.0,475.1
3.3630421,20.7277,0.993,1.0,2.776,5982.0,20990.0
6.689131,29.9,0.993,0.0,3.30605,5726.0,1.728
31.1920226,1.65,11.83916,1.0,2.849,5675.0,447.8
8.752913958,119.91,1.1673,1.0,3.4546,7279.0,41770.0
4.194496867,1.57,1.09947,2.0,1.7807,3706.0,660.7
0.573709256,7.05,0.71455,1.0,1.4932,5261.0,131.2
19.491795,5.84689735,0.993,1.0,3.30605,6046.0,714.1
31.8841473,3.7,0.09877,3.0,6.122,5779.0,910.0
4.9386676,21.2842391,0.993,1.0,3.2881257,5646.0,4880.2549784
10.643743766,47.87,1.45749,1.0,6.29783,5282.0,436510.0
1.013922622,31.98,1.37582,1.0,1.6393,5110.0,34957.0
1.412524016,68.92,0.17956,1.0,5.74859,6690.0,175780.0
354.7897,0.47,1.09661,1.0,12.62,3778.0,81.0
17.3070631,3.7275,0.993,3.0,3.30605,4230.6,0.1909
18.7931749,1.7151271,0.993,1.0,1.09889,3457.0,1844.6985474
0.873227249,1.68,14.96287,1.0,0.7948,6341.0,221.8
8.25178,6.99,0.993,0.0,3.30605,5726.0,0.0954
23.1375919,1.83,3.96978,2.0,3.35,6078.0,114.0
4.426942241,5.43,1.02508,1.0,1.6116,5511.0,2896.6
8.8324193,0.98,6.3509,1.0,2.252,6060.0,74.1
54.6957124,3.28,0.10064,1.0,6.89,5299.0,1096.0
17.4219809,16.1019557,0.993,1.0,4.0812901,6282.0,11750.8364848
110.9643706,2.11,0.17592,1.0,12.831,4441.0,1283.2
2.496328637,112.28,0.40596,1.0,2.73115,6757.0,20527.0
0.706430188,0.41,2.51582,1.0,1.301,5037.0,50.8
9.3108074,10.1812,0.993,1.0,5.27,6243.0,2860.0
5.65245733,1.05,0.62612,2.0,2.062,5159.0,121.0
224.447413,2.05,12.48764,1.0,4.986,5489.0,651.0
5.37493289,2.12,0.70423,3.0,3.9567,6167.0,155.8
10.476258265,54.13,0.40061,1.0,7.77203,6109.0,120210.0
5.62904396,1.39,0.8586,3.0,3.7295,6197.0,39.5
9.3803217,12.1477,0.993,1.0,4.508,5817.0,8600.0
3.011593,3.567,0.993,1.0,1.894,5542.1,6740.0
2.2,8.4,0.993,0.0,3.30605,4800.0,714.1
2.845736321,402.16,0.00857,1.0,11.5703,4878.0,3127.0
0.643171495,54.03,0.5509,1.0,2.31285,5899.0,41160.0
392.47291,5.46,2.10815,1.0,7.867,6626.0,345.6
12.346663,2.345,0.993,0.0,3.30605,5685.0,714.1
76.0498163,1.75,1.84961,2.0,7.158,5251.0,445.9
1.8859353,7.26339,0.993,1.0,1.373,6556.9,2197.0
51.42598578,29.66,0.16218,1.0,16.9422,6257.0,66068.0
48.55059299,3.567,0.993,1.0,1.79,5726.0,714.1
18.9438583,10.0797,0.993,1.0,4.108,5583.0,12167.0
0.4348359,1.59,0.993,0.0,3.30605,3714.0,0.0849
3.770551475,12.05,0.77649,1.0,3.8077,6322.0,12440.0
1.25483232,2.89,0.37104,1.0,2.67,6168.0,117.6
3.7077543,11.5364,0.993,1.0,2.662,5620.2,9913.0
6.146653835,3.3520677,0.993,1.0,5.7408858,6163.97,177.9248977
13.69942266,3.85,1.55362,2.0,4.3409,5541.0,1292.9
1.975208831,1.59,2.87132,1.0,1.513,6401.0,76.3
3.1129681,1.5002,0.993,1.0,2.308,4104.0,585.0
4.76516,3.567,0.993,1.0,2.892,9412.5,647.689
2.125687,1.6780073,0.993,1.0,1.4649664,4428.0,570.6858828
7.72513619,1.71,0.40825,4.0,2.042,4245.0,382.2
2.25558,2.0,0.993,1.0,3.30605,5726.0,0.269
32.50456309,10.68,3.92993,1.0,2.4657,6132.0,7589.6
1.195516859,75.54,0.25294,1.0,6.17216,5780.0,513810.0
28.684308,1.35,2.53238,2.0,4.64,5243.0,282.3
44.48477463,3.567,0.993,1.0,1.67,5726.0,714.1
3.1274951,17.6985303,0.993,1.0,2.5639391,6457.0,13633.9167281
10.00617969,3.567,0.993,1.0,3.30605,4120.0,0.13
56.0560754,1.94,5.11354,1.0,4.685,3593.0,1626.0
14.069121,1.8,0.993,0.0,3.30605,5726.0,714.1
3.1551543,11.3807,0.993,1.0,2.97,5808.3,6608.0
1.610911,1.5,0.993,0.0,3.30605,5726.0,714.1
3.431126546,47.48,0.8907,1.0,2.7986,5815.0,40248.0
2.126953,1.7,0.993,0.0,3.30605,4020.0,0.0707
13.19322809,2.94,0.94938,2.0,5.0036,5946.0,585.7
1.4408,3.567,0.993,0.0,3.30605,4154.0,1.64
350.98474,1.97,1.02822,1.0,14.49,5473.0,600.0
